date,cum_net_buy,hs300,hs300_chg
2014-11-17,0.0121,2474.0100,-0.1900
2014-11-18,0.0168,2456.3700,-0.7100
2014-11-19,0.0193,2450.9900,-0.2200
2014-11-20,0.0214,2452.6600,0.0700
2014-11-21,0.0236,2486.7900,1.3900
2014-11-24,0.0295,2532.8800,1.8500
2014-11-25,0.0322,2567.6000,1.3700
2014-11-26,0.0354,2604.3400,1.4300
2014-11-27,0.0383,2630.4900,1.0000
2014-11-28,0.0406,2682.8400,1.9900
2014-12-01,0.0419,2680.1600,-0.1000
2014-12-02,0.0450,2763.5500,3.1100
2014-12-03,0.0487,2779.5300,0.5800
2014-12-04,0.0520,2899.4600,4.3100
2014-12-05,0.0545,2937.6500,1.3200
2014-12-08,0.0559,3020.2600,2.8100
2014-12-09,0.0569,2856.2700,-5.4300
2014-12-10,0.0588,2940.0100,2.9300
2014-12-11,0.0597,2925.7400,-0.4900
2014-12-12,0.0614,2938.1700,0.4200
2014-12-15,0.0623,2953.4200,0.5200
2014-12-16,0.0635,3021.5200,2.3100
2014-12-17,0.0640,3061.0200,1.3100
2014-12-18,0.0658,3057.5200,-0.1100
2014-12-19,0.0667,3108.6000,1.6700
2014-12-22,0.0680,3127.4500,0.6100
2014-12-23,0.0686,3032.6100,-3.0300
2014-12-29,0.0693,3168.0200,0.3300
2014-12-30,0.0686,3165.8200,-0.0700
2014-12-31,0.0686,3234.6800,2.1800
2015-01-05,0.0706,3350.5200,3.5800
2015-01-06,0.0705,3351.4500,0.0300
2015-01-07,0.0709,3373.9500,0.6700
2015-01-08,0.0709,3293.4600,-2.3900
2015-01-09,0.0724,3285.4100,-0.2400
2015-01-12,0.0711,3229.3200,-1.7100
2015-01-13,0.0709,3235.3000,0.1900
2015-01-14,0.0715,3222.4400,-0.4000
2015-01-15,0.0722,3336.4600,3.5400
2015-01-16,0.0723,3376.5000,1.2000
2015-01-19,0.0720,3116.3500,-7.7000
2015-01-20,0.0741,3173.0500,1.8200
2015-01-21,0.0760,3323.6100,4.7400
2015-01-22,0.0762,3343.3400,0.5900
2015-01-23,0.0764,3351.7600,0.2500
2015-01-26,0.0768,3383.1800,0.9400
2015-01-27,0.0777,3352.9600,-0.8900
2015-01-28,0.0789,3305.7400,-1.4100
2015-01-29,0.0799,3262.3100,-1.3100
2015-01-30,0.0799,3210.3600,-1.5900
2015-02-02,0.0801,3128.3000,-2.5600
2015-02-03,0.0828,3204.9100,2.4500
2015-02-04,0.0839,3174.1300,-0.9600
2015-02-05,0.0867,3136.5300,-1.1800
2015-02-06,0.0869,3075.9100,-1.9300
2015-02-09,0.0880,3095.1200,0.6200
2015-02-10,0.0896,3141.5900,1.5000
2015-02-11,0.0910,3157.7000,0.5100
2015-02-12,0.0921,3173.4200,0.5000
2015-02-13,0.0941,3203.8300,0.9600
2015-02-16,0.0942,3222.3600,0.5800
2015-02-17,0.0944,3246.9100,0.7600
2015-02-25,0.0954,3228.8400,-0.5600
2015-02-26,0.0950,3298.3600,2.1500
2015-02-27,0.0956,3310.3000,0.3600
2015-03-02,0.0964,3336.2900,0.7800
2015-03-03,0.0965,3263.0500,-2.2000
2015-03-04,0.0968,3279.5300,0.5100
2015-03-05,0.0974,3248.4800,-0.9500
2015-03-06,0.0978,3241.1900,-0.2200
2015-03-09,0.0984,3302.4100,1.8900
2015-03-10,0.0985,3286.0700,-0.4900
2015-03-11,0.0993,3290.9000,0.1500
2015-03-12,0.1009,3349.3200,1.7800
2015-03-13,0.1025,3372.9100,0.7000
2015-03-16,0.1039,3449.3100,2.2600
2015-03-17,0.1060,3502.8500,1.5500
2015-03-18,0.1076,3577.3000,2.1300
2015-03-19,0.1076,3582.2700,0.1400
2015-03-20,0.1088,3617.3200,0.9800
2015-03-23,0.1106,3687.7300,1.9500
2015-03-24,0.1090,3691.4100,0.1000
2015-03-25,0.1090,3660.7300,-0.8300
2015-03-26,0.1080,3682.1000,0.5800
2015-03-27,0.1081,3691.1000,0.2400
2015-03-30,0.1068,3786.5700,2.5900
2015-03-31,0.1054,3747.9000,-1.0200
2015-04-01,0.1054,3810.2900,1.6600
2015-04-08,0.1014,3994.8100,0.8400
2015-04-09,0.0963,3957.5300,-0.9300
2015-04-10,0.0954,4034.3100,1.9400
2015-04-13,0.0963,4121.7200,2.1700
2015-04-14,0.0968,4135.5600,0.3400
2015-04-15,0.0978,4084.1600,-1.2400
2015-04-16,0.0994,4194.8200,2.7100
2015-04-17,0.1010,4287.3000,2.2000
2015-04-20,0.0998,4217.0800,-1.6400
2015-04-21,0.1012,4293.6200,1.8200
2015-04-22,0.1019,4398.4900,2.4400
2015-04-23,0.1012,4414.5100,0.3600
2015-04-24,0.1012,4393.6900,-0.4700
2015-04-27,0.1023,4527.4000,3.0400
2015-04-28,0.1020,4476.2200,-1.1300
2015-04-29,0.1023,4476.6200,0.0100
2015-04-30,0.1018,4441.6600,-0.7800
2015-05-04,0.1019,4480.4600,0.8700
2015-05-05,0.1027,4298.7100,-4.0600
2015-05-06,0.1031,4229.2700,-1.6200
2015-05-07,0.1056,4112.2100,-2.7700
2015-05-08,0.1064,4205.9200,2.2800
2015-05-11,0.1063,4333.5800,3.0400
2015-05-12,0.1059,4401.2200,1.5600
2015-05-13,0.1055,4375.7600,-0.5800
2015-05-14,0.1053,4378.3100,0.0600
2015-05-15,0.1058,4308.6900,-1.5900
2015-05-18,0.1069,4283.4900,-0.5800
2015-05-19,0.1089,4417.5500,3.1300
2015-05-20,0.1117,4446.2900,0.6500
2015-05-21,0.1135,4529.4200,1.8700
2015-05-26,0.1169,4910.9000,2.0200
2015-05-27,0.1171,4941.7100,0.6300
2015-05-28,0.1140,4620.2700,-6.5000
2015-05-29,0.1161,4611.7400,-0.1800
2015-06-01,0.1178,4828.7400,4.7100
2015-06-02,0.1180,4910.5300,1.6900
2015-06-03,0.1180,4909.9800,-0.0100
2015-06-04,0.1170,4947.1000,0.7600
2015-06-05,0.1156,5023.1000,1.5400
2015-06-08,0.1143,5131.8800,2.1700
2015-06-09,0.1127,5113.5300,-0.3600
2015-06-10,0.1141,5106.0400,-0.1500
2015-06-11,0.1131,5121.5900,0.3000
2015-06-12,0.1144,5166.3500,0.8700
2015-06-15,0.1132,5062.9900,-2.0000
2015-06-16,0.1131,4887.4300,-3.4700
2015-06-17,0.1120,4967.9000,1.6500
2015-06-18,0.1126,4785.3600,-3.6700
2015-06-19,0.1203,4478.3600,-6.4200
2015-06-23,0.1272,4576.4900,2.1900
2015-06-24,0.1240,4690.1500,2.4800
2015-06-25,0.1204,4527.7800,-3.4600
2015-06-26,0.1235,4192.8700,-7.4000
2015-06-29,0.1220,4053.0300,-3.3400
2015-07-02,0.1247,3912.7700,-3.4800
2015-07-03,0.1316,3686.9200,-5.7700
2015-07-06,0.1181,3775.9100,2.4100
2015-07-07,0.1078,3727.1200,-1.2900
2015-07-08,0.1011,3507.1900,-5.9000
2015-07-09,0.0974,3709.3300,5.7600
2015-07-10,0.0945,3877.8000,4.5400
2015-07-13,0.0922,3970.3900,2.3900
2015-07-14,0.0907,3924.4900,-1.1600
2015-07-15,0.0903,3805.7000,-3.0300
2015-07-16,0.0898,3823.1800,0.4600
2015-07-17,0.0900,3957.3500,3.5100
2015-07-20,0.0896,3992.1100,0.8800
2015-07-21,0.0889,4017.6700,0.6400
2015-07-22,0.0883,4026.0500,0.2100
2015-07-23,0.0887,4123.9200,2.4300
2015-07-24,0.0886,4070.9100,-1.2900
2015-07-27,0.0884,3725.5600,-8.4800
2015-07-28,0.0909,3663.0000,-1.6800
2015-07-29,0.0902,3789.1700,3.4400
2015-07-30,0.0900,3705.7700,-2.2000
2015-07-31,0.0905,3663.7300,-1.1300
2015-08-03,0.0883,3622.9100,-1.1100
2015-08-04,0.0879,3756.5400,3.6900
2015-08-05,0.0879,3694.5700,-1.6500
2015-08-06,0.0881,3661.5400,-0.8900
2015-08-07,0.0889,3744.2000,2.2600
2015-08-10,0.0891,3928.4200,4.9200
2015-08-11,0.0897,3927.9100,-0.0100
2015-08-12,0.0895,3886.3200,-1.0600
2015-08-13,0.0897,3954.5600,1.7600
2015-08-14,0.0897,3965.3300,0.2700
2015-08-17,0.0891,3993.6700,0.7100
2015-08-18,0.0886,3748.1600,-6.1500
2015-08-19,0.0886,3794.1100,1.2300
2015-08-20,0.0878,3664.2900,-3.4200
2015-08-21,0.0869,3507.7400,-4.2700
2015-08-24,0.0950,3209.9100,-8.4900
2015-08-25,0.1030,2964.9700,-7.6300
2015-08-26,0.1104,2927.2900,-1.2700
2015-08-27,0.1151,3083.5900,5.3400
2015-08-28,0.1125,3232.3500,4.8200
2015-08-31,0.1119,3205.9900,-0.8200
2015-09-01,0.1106,3166.6200,-1.2300
2015-09-02,0.1076,3160.1700,-0.2000
2015-09-07,0.1074,3080.4200,-2.5200
2015-09-08,0.1118,3170.4500,2.9200
2015-09-09,0.1088,3243.0900,2.2900
2015-09-10,0.1117,3197.8900,-1.3900
2015-09-11,0.1116,3200.2300,0.0700
2015-09-14,0.1109,3114.8000,-2.6700
2015-09-15,0.1119,3005.1700,-3.5200
2015-09-16,0.1137,3152.2600,4.8900
2015-09-17,0.1140,3086.0600,-2.1000
2015-09-18,0.1164,3097.9200,0.3800
2015-09-21,0.1169,3156.5400,1.8900
2015-09-22,0.1168,3185.6200,0.9200
2015-09-23,0.1155,3115.8900,-2.1900
2015-09-24,0.1146,3142.6900,0.8600
2015-09-29,0.1130,3038.1400,-2.0200
2015-09-30,0.1134,3052.7800,0.4800
2015-10-08,0.1171,3143.3600,2.9700
2015-10-09,0.1188,3183.1500,1.2700
2015-10-12,0.1186,3287.6600,3.2800
2015-10-13,0.1182,3293.2300,0.1700
2015-10-14,0.1173,3262.4400,-0.9300
2015-10-15,0.1176,3338.0700,2.3200
2015-10-16,0.1169,3391.3500,1.6000
2015-10-19,0.1167,3386.7000,-0.1400
2015-10-22,0.1153,3368.7400,1.4500
2015-10-23,0.1142,3412.4300,1.3000
2015-10-26,0.1130,3429.5800,0.5000
2015-10-27,0.1128,3434.3400,0.1400
2015-10-28,0.1117,3375.2000,-1.7200
2015-10-29,0.1101,3387.3200,0.3600
2015-10-30,0.1089,3382.5600,-0.1400
2015-11-02,0.1078,3325.0800,-1.7000
2015-11-03,0.1068,3316.7000,-0.2500
2015-11-04,0.1045,3459.6400,4.3100
2015-11-05,0.1006,3522.8200,1.8300
2015-11-06,0.0989,3590.0300,1.9100
2015-11-09,0.0974,3646.8800,1.5800
2015-11-10,0.0947,3640.4900,-0.1800
2015-11-11,0.0919,3650.2500,0.2700
2015-11-12,0.0903,3632.9000,-0.4800
2015-11-13,0.0900,3580.8400,-1.4300
2015-11-16,0.0898,3606.9600,0.7300
2015-11-17,0.0894,3604.8000,-0.0600
2015-11-18,0.0892,3568.4700,-1.0100
2015-11-19,0.0889,3617.0600,1.3600
2015-11-20,0.0888,3630.5000,0.3700
2015-11-23,0.0885,3610.3200,-0.5600
2015-11-24,0.0887,3616.1100,0.1600
2015-11-25,0.0886,3647.9300,0.8800
2015-11-26,0.0890,3635.5500,-0.3400
2015-11-27,0.0892,3436.3000,-5.4800
2015-11-30,0.0923,3445.4000,0.2600
2015-12-01,0.0930,3456.3100,0.3200
2015-12-02,0.0924,3536.9100,2.3300
2015-12-03,0.0913,3584.8200,1.3500
2015-12-04,0.0906,3524.9900,-1.6700
2015-12-07,0.0904,3536.9300,0.3400
2015-12-08,0.0898,3470.0700,-1.8900
2015-12-09,0.0899,3472.4400,0.0700
2015-12-10,0.0895,3455.5000,-0.4900
2015-12-11,0.0891,3434.5800,-0.6100
2015-12-14,0.0886,3520.6700,2.5100
2015-12-15,0.0888,3510.3500,-0.2900
2015-12-16,0.0881,3516.1900,0.1700
2015-12-17,0.0890,3580.0000,1.8100
2015-12-18,0.0887,3578.9600,-0.0300
2015-12-21,0.0882,3642.4700,1.7700
2015-12-22,0.0875,3651.7700,0.2600
2015-12-23,0.0871,3636.0900,-0.4300
2015-12-28,0.0868,3533.7800,-2.5900
2015-12-29,0.0873,3563.7400,0.8500
2015-12-30,0.0876,3572.8800,0.2600
2015-12-31,0.0871,3539.1800,-0.9400
2016-01-04,0.0871,3296.2600,-6.8600
2016-01-05,0.0886,3287.7100,-0.2600
2016-01-06,0.0879,3361.8400,2.2500
2016-01-07,0.0879,3125.0000,-7.0400
2016-01-08,0.0881,3186.4100,1.9700
2016-01-11,0.0875,3016.7000,-5.3300
2016-01-12,0.0866,3022.8600,0.2000
2016-01-13,0.0867,2949.6000,-2.4200
2016-01-14,0.0864,3007.6500,1.9700
2016-01-15,0.0861,2900.9700,-3.5500
2016-01-18,0.0862,2913.8400,0.4400
2016-01-19,0.0865,3007.7400,3.2200
2016-01-20,0.0856,2976.6900,-1.0300
2016-01-21,0.0853,2880.4800,-3.2300
2016-01-22,0.0856,2916.5600,1.2500
2016-01-25,0.0857,2938.5200,0.7500
2016-01-26,0.0854,2749.7900,-6.4200
2016-01-27,0.0897,2735.5600,-0.5200
2016-01-28,0.0892,2655.6600,-2.9200
2016-01-29,0.0907,2737.6000,3.0900
2016-02-01,0.0903,2688.8500,-1.7800
2016-02-02,0.0902,2749.5700,2.2600
2016-02-03,0.0878,2739.2500,-0.3800
2016-02-04,0.0880,2781.0200,1.5300
2016-02-05,0.0879,2763.4900,-0.6300
2016-02-15,0.0877,2746.2000,-0.6300
2016-02-16,0.0879,2836.5700,3.2900
2016-02-17,0.0875,2867.3400,1.0800
2016-02-18,0.0878,2862.8900,-0.1600
2016-02-19,0.0878,2860.0200,-0.1000
2016-02-22,0.0877,2927.1800,2.3500
2016-02-23,0.0879,2903.3300,-0.8100
2016-02-24,0.0876,2928.9000,0.8800
2016-02-25,0.0877,2741.2500,-6.4100
2016-02-26,0.0890,2767.2100,0.9500
2016-02-29,0.0907,2687.9800,-2.8600
2016-03-01,0.0912,2733.1700,1.6800
2016-03-02,0.0936,2849.6800,4.2600
2016-03-03,0.0928,2859.7600,0.3500
2016-03-04,0.0945,2874.1500,0.5000
2016-03-07,0.0953,2897.3400,0.8100
2016-03-08,0.0950,2901.3900,0.1400
2016-03-09,0.0950,2862.5600,-1.3400
2016-03-10,0.0952,2804.7300,-2.0200
2016-03-11,0.0961,2810.3100,0.2000
2016-03-14,0.0964,2859.5000,1.7500
2016-03-15,0.0962,2864.3700,0.1700
2016-03-16,0.0959,2870.4300,0.2100
2016-03-17,0.0975,2904.8300,1.2000
2016-03-18,0.0985,2955.1500,1.7300
2016-03-21,0.0983,3018.8000,2.1500
2016-03-22,0.0987,2999.3600,-0.6400
2016-03-23,0.0986,3009.9600,0.3500
2016-03-29,0.0983,2919.8300,-1.2800
2016-03-30,0.0994,3000.6500,2.7700
2016-03-31,0.1015,3003.9200,0.1100
2016-04-01,0.1011,3009.5300,0.1900
2016-04-05,0.1011,3053.0700,1.4500
2016-04-06,0.1007,3050.5900,-0.0800
2016-04-07,0.1005,3008.4200,-1.3800
2016-04-08,0.1002,2984.9600,-0.7800
2016-04-11,0.1012,3033.9600,1.6400
2016-04-12,0.1021,3023.6500,-0.3400
2016-04-13,0.1052,3066.6400,1.4200
2016-04-14,0.1067,3082.3600,0.5100
2016-04-15,0.1066,3078.1200,-0.1400
2016-04-18,0.1055,3033.6600,-1.4400
2016-04-19,0.1057,3042.8200,0.3000
2016-04-20,0.1042,2972.5800,-2.3100
2016-04-21,0.1043,2952.8900,-0.6600
2016-04-22,0.1041,2959.2400,0.2200
2016-04-25,0.1040,2946.6700,-0.4200
2016-04-26,0.1042,2964.7000,0.6100
2016-04-27,0.1038,2953.6700,-0.3700
2016-04-28,0.1036,2945.5900,-0.2700
2016-04-29,0.1037,2938.3200,-0.2500
2016-05-03,0.1043,2992.6400,1.8500
2016-05-04,0.1040,2991.2700,-0.0500
2016-05-05,0.1034,2997.8400,0.2200
2016-05-06,0.1021,2913.2500,-2.8200
2016-05-09,0.1015,2832.1100,-2.7900
2016-05-10,0.1011,2832.5900,0.0200
2016-05-11,0.1009,2837.0400,0.1600
2016-05-12,0.1004,2835.8600,-0.0400
2016-05-13,0.0997,2827.1100,-0.3100
2016-05-16,0.0997,2850.8600,0.8400
2016-05-17,0.0996,2843.6800,-0.2500
2016-05-18,0.0992,2807.5100,-1.2700
2016-05-19,0.0990,2806.9100,-0.0200
2016-05-20,0.0992,2825.4800,0.6600
2016-05-23,0.0995,2843.6500,0.6400
2016-05-24,0.0995,2821.6700,-0.7700
2016-05-25,0.1007,2815.0900,-0.2300
2016-05-26,0.1010,2822.4400,0.2600
2016-05-27,0.1016,2821.0500,-0.0500
2016-05-30,0.1041,2822.4500,0.0500
2016-05-31,0.1075,2916.6200,3.3400
2016-06-01,0.1094,2913.5100,-0.1100
2016-06-02,0.1102,2925.2300,0.4000
2016-06-03,0.1116,2938.6800,0.4600
2016-06-06,0.1118,2934.1000,-0.1600
2016-06-07,0.1129,2936.0500,0.0700
2016-06-08,0.1129,2927.1600,-0.3000
2016-06-13,0.1118,2833.0700,-3.2100
2016-06-14,0.1115,2842.1900,0.3200
2016-06-15,0.1108,2887.2100,1.5800
2016-06-16,0.1099,2872.8200,-0.5000
2016-06-17,0.1106,2885.1100,0.4300
2016-06-20,0.1107,2888.8100,0.1300
2016-06-21,0.1106,2878.5600,-0.3500
2016-06-22,0.1113,2905.5500,0.9400
2016-06-23,0.1112,2891.9600,-0.4700
2016-06-24,0.1091,2854.2900,-1.3000
2016-06-27,0.1091,2895.7000,1.4500
2016-06-28,0.1090,2912.5600,0.5800
2016-06-29,0.1099,2931.5900,0.6500
2016-07-04,0.1110,2988.6000,1.9100
2016-07-05,0.1109,3006.3900,0.6000
2016-07-06,0.1102,3017.2900,0.3600
2016-07-07,0.1100,3016.8500,-0.0100
2016-07-08,0.1098,2988.0900,-0.9500
2016-07-11,0.1113,2994.9200,0.2300
2016-07-12,0.1130,3049.3800,1.8200
2016-07-13,0.1135,3060.6900,0.3700
2016-07-14,0.1142,3054.0200,-0.2200
2016-07-15,0.1146,3054.3000,0.0100
2016-07-18,0.1153,3043.5600,-0.3500
2016-07-19,0.1159,3036.6000,-0.2300
2016-07-20,0.1162,3027.9000,-0.2900
2016-07-21,0.1169,3039.0100,0.3700
2016-07-22,0.1172,3012.8200,-0.8600
2016-07-25,0.1177,3015.8300,0.1000
2016-07-26,0.1181,3050.1700,1.1400
2016-07-27,0.1191,2992.0000,-1.9100
2016-07-28,0.1185,2994.3200,0.0800
2016-07-29,0.1186,2979.3400,-0.5000
2016-08-01,0.1197,2953.3900,-0.8700
2016-08-03,0.1195,2978.4600,0.2400
2016-08-04,0.1191,2982.4300,0.1300
2016-08-05,0.1195,2976.7000,-0.1900
2016-08-08,0.1202,3004.2800,0.9300
2016-08-09,0.1215,3025.6800,0.7100
2016-08-10,0.1225,3018.7500,-0.2300
2016-08-11,0.1232,3002.6400,-0.5300
2016-08-12,0.1234,3050.6700,1.6000
2016-08-15,0.1238,3125.2000,2.4400
2016-08-16,0.1285,3110.0400,-0.4900
2016-08-17,0.1300,3109.5600,-0.0200
2016-08-18,0.1312,3104.1100,-0.1700
2016-08-19,0.1315,3108.1000,0.1300
2016-08-22,0.1314,3084.8100,-0.7500
2016-08-23,0.1316,3089.7100,0.1600
2016-08-24,0.1318,3085.8800,-0.1200
2016-08-25,0.1322,3068.3300,-0.5700
2016-08-26,0.1324,3070.3100,0.0600
2016-08-29,0.1323,3070.0300,-0.0100
2016-08-30,0.1333,3074.6800,0.1500
2016-08-31,0.1335,3085.4900,0.3500
2016-09-01,0.1337,3063.3100,-0.7200
2016-09-02,0.1335,3067.3500,0.1300
2016-09-05,0.1349,3072.1000,0.1500
2016-09-06,0.1358,3090.7100,0.6100
2016-09-07,0.1363,3091.9300,0.0400
2016-09-08,0.1373,3095.9500,0.1300
2016-09-09,0.1369,3078.8600,-0.5500
2016-09-12,0.1343,3021.9800,-1.8500
2016-09-13,0.1340,3023.5100,0.0500
2016-09-14,0.1328,3002.8500,-0.6800
2016-09-19,0.1320,3026.0500,0.7700
2016-09-20,0.1311,3023.0000,-0.1000
2016-09-21,0.1309,3025.8700,0.1000
2016-09-22,0.1319,3042.3100,0.5400
2016-09-23,0.1325,3033.9000,-0.2800
2016-09-26,0.1321,2980.4300,-1.7600
2016-09-27,0.1318,2998.1700,0.6000
2016-09-28,0.1316,2987.8600,-0.3400
2016-09-29,0.1322,2998.4800,0.3600
2016-10-11,0.1331,3065.2500,0.5600
2016-10-12,0.1326,3058.5000,-0.2200
2016-10-13,0.1320,3061.3500,0.0900
2016-10-14,0.1330,3063.8100,0.0800
2016-10-17,0.1328,3041.1700,-0.7400
2016-10-18,0.1334,3083.8800,1.4000
2016-10-19,0.1338,3084.7200,0.0300
2016-10-20,0.1342,3084.4600,-0.0100
2016-10-24,0.1350,3128.2500,1.2100
2016-10-25,0.1359,3131.9400,0.1200
2016-10-26,0.1361,3116.3100,-0.5000
2016-10-27,0.1355,3112.3500,-0.1300
2016-10-28,0.1358,3104.2700,-0.2600
2016-10-31,0.1359,3100.4900,-0.1200
2016-11-01,0.1363,3122.4400,0.7100
2016-11-02,0.1354,3102.7300,-0.6300
2016-11-03,0.1350,3128.9400,0.8400
2016-11-04,0.1348,3125.3200,-0.1200
2016-11-07,0.1348,3133.3300,0.2600
2016-11-08,0.1352,3147.8900,0.4600
2016-11-09,0.1311,3128.3700,-0.6200
2016-11-10,0.1327,3171.2800,1.3700
2016-11-11,0.1320,3196.0400,0.7800
2016-11-14,0.1318,3210.3700,0.4500
2016-11-15,0.1318,3206.9900,-0.1100
2016-11-16,0.1325,3205.0600,-0.0600
2016-11-17,0.1325,3208.4500,0.1100
2016-11-18,0.1324,3192.8600,-0.4900
2016-11-21,0.1325,3218.1500,0.7900
2016-11-22,0.1339,3248.3500,0.9400
2016-11-23,0.1350,3241.1400,-0.2200
2016-11-24,0.1359,3241.7400,0.0200
2016-11-25,0.1376,3261.9400,0.6200
2016-11-28,0.1390,3277.0000,0.4600
2016-11-29,0.1400,3282.9200,0.1800
2016-11-30,0.1411,3250.0300,-1.0000
2016-12-01,0.1420,3273.3100,0.7200
2016-12-02,0.1405,3243.8400,-0.9000
2016-12-05,0.1416,3204.7100,-1.2100
2016-12-06,0.1430,3199.6500,-0.1600
2016-12-07,0.1449,3222.2400,0.7100
2016-12-08,0.1472,3215.3700,-0.2100
2016-12-09,0.1471,3232.8800,0.5400
2016-12-12,0.1481,3152.9700,-2.4700
2016-12-13,0.1496,3155.0400,0.0700
2016-12-14,0.1505,3140.5300,-0.4600
2016-12-15,0.1509,3117.6800,-0.7300
2016-12-16,0.1521,3122.9800,0.1700
2016-12-19,0.1514,3118.0800,-0.1600
2016-12-20,0.1489,3102.8800,-0.4900
2016-12-21,0.1490,3137.4300,1.1100
2016-12-22,0.1485,3139.5600,0.0700
2016-12-28,0.1480,3102.2400,-0.4000
2016-12-29,0.1479,3096.1000,-0.2000
2016-12-30,0.1478,3103.6400,0.2400
2017-01-03,0.1477,3135.9200,1.0400
2017-01-04,0.1469,3158.7900,0.7300
2017-01-05,0.1465,3165.4100,0.2100
2017-01-06,0.1449,3154.3200,-0.3500
2017-01-09,0.1449,3171.2400,0.5400
2017-01-10,0.1451,3161.6700,-0.3000
2017-01-11,0.1468,3136.7500,-0.7900
2017-01-12,0.1480,3119.2900,-0.5600
2017-01-13,0.1492,3112.7600,-0.2100
2017-01-16,0.1484,3103.4300,-0.3000
2017-01-17,0.1495,3108.7700,0.1700
2017-01-18,0.1509,3113.0100,0.1400
2017-01-19,0.1519,3101.3000,-0.3800
2017-01-20,0.1536,3123.1400,0.7000
2017-01-23,0.1550,3136.7700,0.4400
2017-01-24,0.1564,3142.5500,0.1800
2017-01-25,0.1566,3149.5500,0.2200
2017-01-26,0.1574,3159.1700,0.3100
2017-02-03,0.1587,3140.1700,-0.6000
2017-02-06,0.1615,3156.9800,0.5400
2017-02-07,0.1631,3153.0900,-0.1200
2017-02-08,0.1644,3166.9800,0.4400
2017-02-09,0.1662,3183.1800,0.5100
2017-02-10,0.1678,3196.7000,0.4200
2017-02-13,0.1695,3216.8400,0.6300
2017-02-14,0.1709,3217.9300,0.0300
2017-02-15,0.1732,3212.9900,-0.1500
2017-02-16,0.1751,3229.6200,0.5200
2017-02-17,0.1763,3202.0800,-0.8500
2017-02-20,0.1781,3239.9600,1.1800
2017-02-21,0.1794,3253.3300,0.4100
2017-02-22,0.1805,3261.2200,0.2400
2017-02-23,0.1819,3251.3800,-0.3000
2017-02-24,0.1827,3253.4300,0.0600
2017-02-27,0.1831,3228.6600,-0.7600
2017-02-28,0.1832,3241.7300,0.4000
2017-03-01,0.1841,3246.9300,0.1600
2017-03-02,0.1845,3230.0300,-0.5200
2017-03-03,0.1846,3218.3100,-0.3600
2017-03-06,0.1849,3233.8700,0.4800
2017-03-07,0.1852,3242.4100,0.2600
2017-03-08,0.1853,3240.6600,-0.0500
2017-03-09,0.1833,3216.7500,-0.7400
2017-03-10,0.1825,3212.7600,-0.1200
2017-03-13,0.1832,3237.0200,0.7600
2017-03-14,0.1822,3239.3300,0.0700
2017-03-15,0.1826,3241.7600,0.0800
2017-03-16,0.1844,3268.9400,0.8400
2017-03-17,0.1856,3237.4500,-0.9600
2017-03-20,0.1871,3250.8100,0.4100
2017-03-21,0.1880,3261.6100,0.3300
2017-03-22,0.1885,3245.2200,-0.5000
2017-03-23,0.1902,3248.5500,0.1000
2017-03-24,0.1919,3269.4500,0.6400
2017-03-27,0.1923,3266.9600,-0.0800
2017-03-28,0.1931,3252.9500,-0.4300
2017-03-29,0.1934,3241.3100,-0.3600
2017-03-30,0.1946,3210.2400,-0.9600
2017-03-31,0.1944,3222.5100,0.3800
2017-04-05,0.1958,3270.3100,1.4800
2017-04-06,0.1958,3281.0000,0.3300
2017-04-07,0.1962,3286.6200,0.1700
2017-04-10,0.1970,3269.3900,-0.5200
2017-04-11,0.1965,3288.9700,0.6000
2017-04-12,0.1961,3273.8300,-0.4600
2017-04-18,0.1962,3196.7100,-0.7900
2017-04-19,0.1972,3170.6900,-0.8100
2017-04-20,0.1989,3172.1000,0.0400
2017-04-21,0.1995,3173.1500,0.0300
2017-04-24,0.1998,3129.5300,-1.3700
2017-04-25,0.2013,3134.5700,0.1600
2017-04-26,0.2022,3140.8500,0.2000
2017-04-27,0.2027,3152.1900,0.3600
2017-04-28,0.2044,3154.6600,0.0800
2017-05-04,0.2055,3127.3700,-0.2500
2017-05-05,0.2052,3103.0400,-0.7800
2017-05-08,0.2054,3078.6100,-0.7900
2017-05-09,0.2075,3080.5300,0.0600
2017-05-10,0.2097,3052.7900,-0.9000
2017-05-11,0.2119,3061.5000,0.2900
2017-05-12,0.2120,3083.5100,0.7200
2017-05-15,0.2137,3090.2300,0.2200
2017-05-16,0.2167,3112.9600,0.7400
2017-05-17,0.2182,3104.4400,-0.2700
2017-05-18,0.2191,3090.1400,-0.4600
2017-05-19,0.2204,3090.6300,0.0200
2017-05-22,0.2210,3075.6800,-0.4800
2017-05-23,0.2212,3061.9500,-0.4500
2017-05-24,0.2223,3064.0800,0.0700
2017-05-25,0.2238,3107.8300,1.4300
2017-05-26,0.2238,3110.0600,0.0700
2017-05-31,0.2221,3117.1800,0.2300
2017-06-01,0.2205,3102.6200,-0.4700
2017-06-02,0.2220,3105.5400,0.0900
2017-06-05,0.2238,3091.6600,-0.4500
2017-06-06,0.2258,3102.1300,0.3400
2017-06-07,0.2281,3140.3200,1.2300
2017-06-08,0.2304,3150.3300,0.3200
2017-06-09,0.2317,3158.4000,0.2600
2017-06-12,0.2306,3139.8800,-0.5900
2017-06-13,0.2311,3153.7400,0.4400
2017-06-14,0.2298,3130.6700,-0.7300
2017-06-15,0.2320,3132.4900,0.0600
2017-06-16,0.2330,3123.1700,-0.3000
2017-06-19,0.2353,3144.3700,0.6800
2017-06-20,0.2356,3140.0100,-0.1400
2017-06-21,0.2370,3156.2100,0.5200
2017-06-22,0.2387,3147.4500,-0.2800
2017-06-23,0.2401,3157.8700,0.3300
2017-06-26,0.2402,3185.4400,0.8700
2017-06-27,0.2429,3191.2000,0.1800
2017-06-28,0.2425,3173.2000,-0.5600
2017-06-29,0.2455,3188.0600,0.4700
2017-06-30,0.2443,3192.4300,0.1400
2017-07-03,0.2447,3195.9100,0.1100
2017-07-04,0.2441,3182.8000,-0.4100
2017-07-05,0.2446,3207.1300,0.7600
2017-07-06,0.2436,3212.4400,0.1700
2017-07-07,0.2438,3217.9600,0.1700
2017-07-10,0.2447,3212.6300,-0.1700
2017-07-11,0.2456,3203.0400,-0.3000
2017-07-12,0.2471,3197.5400,-0.1700
2017-07-13,0.2484,3218.1600,0.6400
2017-07-14,0.2485,3222.4200,0.1300
2017-07-17,0.2498,3176.4600,-1.4300
2017-07-18,0.2518,3187.5700,0.3500
2017-07-19,0.2536,3230.9800,1.3600
2017-07-20,0.2537,3244.8600,0.4300
2017-07-21,0.2552,3237.9800,-0.2100
2017-07-24,0.2568,3250.6000,0.3900
2017-07-25,0.2580,3243.6900,-0.2100
2017-07-26,0.2598,3247.6700,0.1200
2017-07-27,0.2625,3249.7800,0.0600
2017-07-28,0.2648,3253.2400,0.1100
2017-07-31,0.2667,3273.0300,0.6100
2017-08-01,0.2682,3292.6400,0.6000
2017-08-02,0.2685,3285.0600,-0.2300
2017-08-03,0.2708,3272.9300,-0.3700
2017-08-04,0.2736,3262.0800,-0.3300
2017-08-07,0.2764,3279.4600,0.5300
2017-08-08,0.2782,3281.8700,0.0700
2017-08-09,0.2794,3275.5700,-0.1900
2017-08-10,0.2792,3261.7500,-0.4200
2017-08-11,0.2783,3208.5400,-1.6300
2017-08-14,0.2785,3237.3600,0.9000
2017-08-15,0.2784,3251.2600,0.4300
2017-08-16,0.2792,3246.4500,-0.1500
2017-08-17,0.2798,3268.4300,0.6800
2017-08-18,0.2788,3268.7200,0.0100
2017-08-21,0.2788,3286.9100,0.5600
2017-08-22,0.2789,3290.2300,0.1000
2017-08-24,0.2801,3271.5100,-0.4900
2017-08-25,0.2832,3331.5200,1.8300
2017-08-28,0.2869,3362.6500,0.9300
2017-08-29,0.2886,3365.2300,0.0800
2017-08-30,0.2919,3363.6300,-0.0500
2017-08-31,0.2937,3360.8100,-0.0800
2017-09-01,0.2979,3367.1200,0.1900
2017-09-04,0.2996,3379.5800,0.3700
2017-09-05,0.3005,3384.3200,0.1400
2017-09-06,0.3007,3385.3900,0.0300
2017-09-07,0.3016,3365.5000,-0.5900
2017-09-08,0.3021,3365.2400,-0.0100
2017-09-11,0.3041,3376.4200,0.3300
2017-09-12,0.3065,3379.4900,0.0900
2017-09-13,0.3068,3384.1500,0.1400
2017-09-14,0.3068,3371.4300,-0.3800
2017-09-15,0.3066,3353.6200,-0.5300
2017-09-18,0.3110,3362.8600,0.2800
2017-09-19,0.3112,3356.8400,-0.1800
2017-09-20,0.3132,3366.0000,0.2700
2017-09-21,0.3144,3357.8100,-0.2400
2017-09-22,0.3149,3352.5300,-0.1600
2017-09-25,0.3131,3341.5500,-0.3300
2017-09-26,0.3131,3343.5800,0.0600
2017-09-27,0.3138,3345.2700,0.0500
2017-09-28,0.3134,3339.6400,-0.1700
2017-09-29,0.3145,3348.9400,0.2800
2017-10-09,0.3221,3374.3800,0.7600
2017-10-10,0.3262,3382.9900,0.2600
2017-10-11,0.3278,3388.2800,0.1600
2017-10-12,0.3281,3386.1000,-0.0600
2017-10-13,0.3284,3390.5200,0.1300
2017-10-16,0.3298,3378.4700,-0.3600
2017-10-17,0.3315,3372.0400,-0.1900
2017-10-18,0.3309,3381.7900,0.2900
2017-10-19,0.3309,3370.1700,-0.3400
2017-10-20,0.3307,3378.6500,0.2500
2017-10-23,0.3292,3380.7000,0.0600
2017-10-24,0.3260,3388.2500,0.2200
2017-10-25,0.3264,3396.9000,0.2600
2017-10-26,0.3279,3407.5700,0.3100
2017-10-27,0.3280,3416.8100,0.2700
2017-10-30,0.3269,3390.3400,-0.7700
2017-10-31,0.3263,3393.3400,0.0900
2017-11-01,0.3289,3395.9100,0.0800
2017-11-02,0.3304,3383.3100,-0.3700
2017-11-03,0.3306,3371.7400,-0.3400
2017-11-06,0.3311,3388.1700,0.4900
2017-11-07,0.3326,3413.5700,0.7500
2017-11-08,0.3345,3415.4600,0.0600
2017-11-09,0.3375,3427.7900,0.3600
2017-11-10,0.3377,3432.6700,0.1400
2017-11-13,0.3383,3447.8400,0.4400
2017-11-14,0.3386,3429.5500,-0.5300
2017-11-15,0.3364,3402.5200,-0.7900
2017-11-16,0.3369,3399.2500,-0.1000
2017-11-17,0.3353,3382.9100,-0.4800
2017-11-20,0.3344,3392.4000,0.2800
2017-11-21,0.3337,3410.5000,0.5300
2017-11-22,0.3341,3430.4600,0.5900
2017-11-23,0.3360,3351.9200,-2.2900
2017-11-24,0.3368,3353.8200,0.0600
2017-11-27,0.3353,3322.2300,-0.9400
2017-11-28,0.3386,3333.6600,0.3400
2017-11-29,0.3399,3337.8600,0.1300
2017-11-30,0.3389,3317.1900,-0.6200
2017-12-01,0.3422,3317.6200,0.0100
2017-12-04,0.3420,3309.6200,-0.2400
2017-12-05,0.3388,3303.6800,-0.1800
2017-12-06,0.3349,3293.9600,-0.2900
2017-12-07,0.3333,3272.0500,-0.6700
2017-12-08,0.3370,3289.9900,0.5500
2017-12-11,0.3385,3322.2000,0.9800
2017-12-12,0.3378,3280.8100,-1.2500
2017-12-13,0.3406,3303.0400,0.6800
2017-12-14,0.3413,3292.4400,-0.3200
2017-12-15,0.3386,3266.1400,-0.8000
2017-12-18,0.3405,3267.9200,0.0500
2017-12-19,0.3421,3296.5400,0.8800
2017-12-20,0.3411,3287.6100,-0.2700
2017-12-21,0.3424,3300.0600,0.3800
2017-12-27,0.3432,3275.7800,-0.9200
2017-12-28,0.3460,3296.3800,0.6300
2017-12-29,0.3475,3307.1700,0.3300
2018-01-02,0.3509,3348.3300,1.2400
2018-01-03,0.3553,3369.1100,0.6200
2018-01-04,0.3596,3385.7100,0.4900
2018-01-05,0.3621,3391.7500,0.1800
2018-01-08,0.3638,3409.4800,0.5200
2018-01-09,0.3666,3413.9000,0.1300
2018-01-10,0.3682,3421.8300,0.2300
2018-01-11,0.3682,3425.3400,0.1000
2018-01-12,0.3704,3428.9400,0.1000
2018-01-15,0.3686,3410.4900,-0.5400
2018-01-16,0.3709,3436.5900,0.7700
2018-01-17,0.3701,3444.6700,0.2400
2018-01-18,0.3719,3474.7500,0.8700
2018-01-19,0.3729,3487.8600,0.3800
2018-01-22,0.3751,3501.3600,0.3900
2018-01-23,0.3777,3546.5000,1.2900
2018-01-24,0.3779,3559.4700,0.3700
2018-01-25,0.3801,3548.3100,-0.3100
2018-01-26,0.3831,3558.1300,0.2800
2018-01-29,0.3823,3523.0000,-0.9900
2018-01-30,0.3827,3488.0100,-0.9900
2018-01-31,0.3826,3480.8300,-0.2100
2018-02-01,0.3829,3446.9800,-0.9700
2018-02-02,0.3827,3462.0800,0.4400
2018-02-05,0.3793,3487.5000,0.7300
2018-02-06,0.3695,3370.6500,-3.3500
2018-02-07,0.3712,3309.2600,-1.8200
2018-02-08,0.3741,3262.0500,-1.4300
2018-02-09,0.3715,3129.8500,-4.0500
2018-02-12,0.3702,3154.1300,0.7800
2018-02-13,0.3693,3184.9600,0.9800
2018-02-14,0.3705,3199.1600,0.4500
2018-02-22,0.3729,3268.5600,2.1700
2018-02-23,0.3746,3289.0200,0.6300
2018-02-26,0.3778,3329.5700,1.2300
2018-02-27,0.3804,3292.0700,-1.1300
2018-02-28,0.3800,3259.4100,-0.9900
2018-03-01,0.3812,3273.7500,0.4400
2018-03-02,0.3802,3254.5300,-0.5900
2018-03-05,0.3788,3256.9300,0.0700
2018-03-06,0.3798,3289.6400,1.0000
2018-03-07,0.3772,3271.6700,-0.5500
2018-03-08,0.3800,3288.4100,0.5100
2018-03-09,0.3814,3307.1700,0.5700
2018-03-12,0.3838,3326.7000,0.5900
2018-03-13,0.3851,3310.2400,-0.4900
2018-03-14,0.3857,3291.3800,-0.5700
2018-03-15,0.3871,3291.1100,-0.0100
2018-03-16,0.3849,3269.8800,-0.6500
2018-03-19,0.3858,3279.2500,0.2900
2018-03-20,0.3849,3290.6400,0.3500
2018-03-21,0.3855,3280.9500,-0.2900
2018-03-22,0.3859,3263.4800,-0.5300
2018-03-23,0.3841,3152.7600,-3.3900
2018-03-26,0.3879,3133.7200,-0.6000
2018-03-27,0.3890,3166.6500,1.0500
2018-03-28,0.3897,3122.2900,-1.4000
2018-04-03,0.3926,3136.6300,-0.8400
2018-04-04,0.3940,3131.1100,-0.1800
2018-04-09,0.3973,3138.2900,0.2300
2018-04-10,0.4006,3190.3200,1.6600
2018-04-11,0.4016,3208.0800,0.5600
2018-04-12,0.4044,3180.1600,-0.8700
2018-04-13,0.4067,3159.0500,-0.6600
2018-04-16,0.4093,3110.6500,-1.5300
2018-04-17,0.4100,3066.8000,-1.4100
2018-04-18,0.4172,3091.4000,0.8000
2018-04-19,0.4225,3117.3800,0.8400
2018-04-20,0.4213,3071.5400,-1.4700
2018-04-23,0.4237,3068.0100,-0.1100
2018-04-24,0.4276,3128.9300,1.9900
2018-04-25,0.4290,3117.9700,-0.3500
2018-04-26,0.4259,3075.0300,-1.3800
2018-04-27,0.4284,3082.2300,0.2300
2018-05-02,0.4329,3081.1800,-0.0300
2018-05-03,0.4333,3100.8600,0.6400
2018-05-04,0.4320,3091.0300,-0.3200
2018-05-07,0.4347,3136.6400,1.4800
2018-05-08,0.4367,3161.5000,0.7900
2018-05-09,0.4388,3159.1500,-0.0700
2018-05-10,0.4418,3174.4100,0.4800
2018-05-11,0.4444,3163.2600,-0.3500
2018-05-14,0.4501,3174.0300,0.3400
2018-05-15,0.4537,3192.1200,0.5700
2018-05-16,0.4548,3169.5700,-0.7100
2018-05-17,0.4571,3154.2800,-0.4800
2018-05-18,0.4605,3193.3000,1.2400
2018-05-23,0.4628,3168.9600,-1.4100
2018-05-24,0.4648,3154.6500,-0.4500
2018-05-25,0.4669,3141.3000,-0.4200
2018-05-28,0.4707,3135.0800,-0.2000
2018-05-29,0.4722,3120.4600,-0.4700
2018-05-30,0.4735,3041.4400,-2.5300
2018-05-31,0.4792,3095.4700,1.7800
2018-06-01,0.4814,3075.1400,-0.6600
2018-06-04,0.4874,3091.1900,0.5200
2018-06-05,0.4912,3114.2100,0.7400
2018-06-06,0.4938,3115.1800,0.0300
2018-06-07,0.4980,3109.5000,-0.1800
2018-06-08,0.4981,3067.1500,-1.3600
2018-06-11,0.5024,3052.7800,-0.4700
2018-06-12,0.5049,3079.8000,0.8900
2018-06-13,0.5063,3049.8000,-0.9700
2018-06-14,0.5091,3044.1600,-0.1800
2018-06-15,0.5117,3021.9000,-0.7300
2018-06-19,0.5096,2907.8200,-3.7800
2018-06-20,0.5104,2915.7300,0.2700
2018-06-21,0.5095,2875.8100,-1.3700
2018-06-22,0.5096,2889.7600,0.4900
2018-06-25,0.5058,2859.3400,-1.0500
2018-06-26,0.5081,2844.5100,-0.5200
2018-06-27,0.5069,2813.1800,-1.1000
2018-06-28,0.5077,2786.9000,-0.9300
2018-07-03,0.5080,2786.8900,0.4100
2018-07-04,0.5066,2759.1300,-1.0000
2018-07-05,0.5089,2733.8800,-0.9100
2018-07-06,0.5133,2747.2300,0.4900
2018-07-09,0.5167,2815.1100,2.4700
2018-07-10,0.5173,2827.6300,0.4400
2018-07-11,0.5170,2777.7700,-1.7600
2018-07-12,0.5188,2837.6600,2.1600
2018-07-13,0.5199,2831.1800,-0.2300
2018-07-16,0.5198,2814.0400,-0.6100
2018-07-17,0.5192,2798.1300,-0.5700
2018-07-18,0.5191,2787.2600,-0.3900
2018-07-19,0.5215,2772.5500,-0.5300
2018-07-20,0.5237,2829.2700,2.0500
2018-07-23,0.5235,2859.5400,1.0700
2018-07-24,0.5262,2905.5600,1.6100
2018-07-25,0.5278,2903.6500,-0.0700
2018-07-26,0.5282,2882.2300,-0.7400
2018-07-27,0.5307,2873.5900,-0.3000
2018-07-30,0.5331,2869.0500,-0.1600
2018-07-31,0.5362,2876.4000,0.2600
2018-08-01,0.5371,2824.5300,-1.8000
2018-08-02,0.5375,2768.0200,-2.0000
2018-08-03,0.5380,2740.4400,-1.0000
2018-08-06,0.5411,2705.1600,-1.2900
2018-08-07,0.5440,2779.3700,2.7400
2018-08-08,0.5457,2744.0700,-1.2700
2018-08-09,0.5509,2794.3800,1.8300
2018-08-10,0.5510,2795.3100,0.0300
2018-08-13,0.5504,2785.8700,-0.3400
2018-08-14,0.5490,2780.9600,-0.1800
2018-08-15,0.5475,2723.2600,-2.0800
2018-08-16,0.5497,2705.1900,-0.6600
2018-08-17,0.5501,2668.9700,-1.3400
2018-08-20,0.5557,2698.4700,1.1100
2018-08-21,0.5585,2733.8300,1.3100
2018-08-22,0.5605,2714.6100,-0.7000
2018-08-23,0.5618,2724.6200,0.3700
2018-08-24,0.5616,2729.4300,0.1800
2018-08-27,0.5638,2780.9000,1.8900
2018-08-28,0.5652,2777.9800,-0.1000
2018-08-29,0.5672,2769.2900,-0.3100
2018-08-30,0.5679,2737.7400,-1.1400
2018-08-31,0.5716,2725.2500,-0.4600
2018-09-03,0.5719,2720.7300,-0.1700
2018-09-04,0.5733,2750.5800,1.1000
2018-09-05,0.5701,2704.3400,-1.6800
2018-09-06,0.5710,2691.5900,-0.4700
2018-09-07,0.5708,2702.3000,0.4000
2018-09-10,0.5702,2669.4800,-1.2100
2018-09-11,0.5701,2664.8000,-0.1800
2018-09-12,0.5691,2656.1100,-0.3300
2018-09-13,0.5718,2686.5800,1.1500
2018-09-14,0.5746,2681.6400,-0.1800
2018-09-17,0.5753,2651.7900,-1.1100
2018-09-18,0.5772,2699.9500,1.8200
2018-09-19,0.5780,2730.8500,1.1400
2018-09-20,0.5828,2729.2400,-0.0600
2018-09-26,0.5847,2806.8100,0.9200
2018-09-27,0.5876,2791.7700,-0.5400
2018-09-28,0.5892,2821.3500,1.0600
2018-10-08,0.5795,2716.5100,-3.7200
2018-10-09,0.5764,2721.0100,0.1700
2018-10-10,0.5748,2725.8400,0.1800
2018-10-11,0.5712,2583.4600,-5.2200
2018-10-12,0.5722,2606.9100,0.9100
2018-10-15,0.5711,2568.1000,-1.4900
2018-10-18,0.5705,2486.4200,-2.9400
2018-10-19,0.5748,2550.4700,2.5800
2018-10-22,0.5741,2654.8800,4.0900
2018-10-23,0.5737,2594.8300,-2.2600
2018-10-24,0.5752,2603.3000,0.3300
2018-10-25,0.5716,2603.8000,0.0200
2018-10-26,0.5699,2598.8500,-0.1900
2018-10-29,0.5727,2542.1000,-2.1800
2018-10-30,0.5729,2568.0500,1.0200
2018-10-31,0.5787,2602.7800,1.3500
2018-11-01,0.5872,2606.2400,0.1300
2018-11-02,0.6045,2676.4800,2.7000
2018-11-05,0.6055,2665.4300,-0.4100
2018-11-06,0.6037,2659.3600,-0.2300
2018-11-07,0.6057,2641.3400,-0.6800
2018-11-08,0.6096,2635.6300,-0.2200
2018-11-09,0.6097,2598.8700,-1.3900
2018-11-12,0.6108,2630.5200,1.2200
2018-11-13,0.6132,2654.8800,0.9300
2018-11-14,0.6123,2632.2400,-0.8500
2018-11-15,0.6148,2668.1700,1.3600
2018-11-16,0.6168,2679.1100,0.4100
2018-11-19,0.6184,2703.5100,0.9100
2018-11-20,0.6154,2645.8500,-2.1300
2018-11-21,0.6163,2651.5100,0.2100
2018-11-22,0.6157,2645.4300,-0.2300
2018-11-23,0.6146,2579.4800,-2.4900
2018-11-26,0.6170,2575.8100,-0.1400
2018-11-27,0.6171,2574.6800,-0.0400
2018-11-28,0.6197,2601.7400,1.0500
2018-11-29,0.6208,2567.4400,-1.3200
2018-11-30,0.6256,2588.1900,0.8100
2018-12-03,0.6377,2654.8000,2.5700
2018-12-04,0.6420,2665.9600,0.4200
2018-12-05,0.6429,2649.8100,-0.6100
2018-12-06,0.6387,2605.1800,-1.6800
2018-12-07,0.6382,2605.8900,0.0300
2018-12-10,0.6364,2584.5800,-0.8200
2018-12-11,0.6367,2594.0900,0.3700
2018-12-12,0.6380,2602.1500,0.3100
2018-12-13,0.6446,2634.0500,1.2300
2018-12-14,0.6429,2593.7400,-1.5300
2018-12-17,0.6441,2597.9700,0.1600
2018-12-18,0.6411,2576.6500,-0.8200
2018-12-19,0.6403,2549.5600,-1.0500
2018-12-20,0.6392,2536.2700,-0.5200
2018-12-21,0.6390,2516.2500,-0.7900
2018-12-27,0.6395,2483.0900,-0.6100
2018-12-28,0.6417,2493.9000,0.4400
2019-01-02,0.6421,2465.2900,-1.1500
2019-01-03,0.6429,2464.3600,-0.0400
2019-01-04,0.6431,2514.8700,2.0500
2019-01-07,0.6448,2533.0900,0.7200
2019-01-08,0.6462,2526.4600,-0.2600
2019-01-09,0.6529,2544.3400,0.7100
2019-01-10,0.6546,2535.1000,-0.3600
2019-01-11,0.6588,2553.8300,0.7400
2019-01-14,0.6572,2535.7700,-0.7100
2019-01-15,0.6623,2570.3400,1.3600
2019-01-16,0.6649,2570.4200,0.0000
2019-01-17,0.6674,2559.6400,-0.4200
2019-01-18,0.6759,2596.0100,1.4200
2019-01-21,0.6791,2610.5100,0.5600
2019-01-22,0.6777,2579.7000,-1.1800
2019-01-23,0.6795,2581.0000,0.0500
2019-01-24,0.6820,2591.6900,0.4100
2019-01-25,0.6854,2601.7200,0.3900
2019-01-28,0.6904,2596.9800,-0.1800
2019-01-29,0.6928,2594.2500,-0.1000
2019-01-30,0.6938,2575.5800,-0.7200
2019-01-31,0.7024,2584.5700,0.3500
2019-02-01,0.7080,2618.2300,1.3000
2019-02-11,0.7125,2653.9000,1.3600
2019-02-12,0.7179,2671.8900,0.6800
2019-02-13,0.7265,2721.0700,1.8400
2019-02-14,0.7321,2719.7000,-0.0500
2019-02-15,0.7343,2682.3900,-1.3700
2019-02-18,0.7391,2754.3600,2.6800
2019-02-19,0.7407,2755.6500,0.0500
2019-02-20,0.7455,2761.2200,0.2000
2019-02-21,0.7478,2751.8000,-0.3400
2019-02-22,0.7538,2804.2300,1.9100
2019-02-25,0.7531,2961.2800,5.6000
2019-02-26,0.7551,2941.5200,-0.6700
2019-02-27,0.7600,2953.8200,0.4200
2019-02-28,0.7628,2940.9500,-0.4400
2019-03-01,0.7658,2994.0100,1.8000
2019-03-04,0.7694,3027.5800,1.1200
2019-03-05,0.7735,3054.2500,0.8800
2019-03-06,0.7727,3102.1000,1.5700
2019-03-07,0.7687,3106.4200,0.1400
2019-03-08,0.7675,2969.8600,-4.4000
2019-03-11,0.7655,3026.9900,1.9200
2019-03-12,0.7665,3060.3100,1.1000
2019-03-13,0.7642,3026.9500,-1.0900
2019-03-14,0.7665,2990.6900,-1.2000
2019-03-15,0.7688,3021.7500,1.0400
2019-03-18,0.7722,3096.4200,2.4700
2019-03-19,0.7706,3090.9800,-0.1800
2019-03-20,0.7705,3090.6400,-0.0100
2019-03-21,0.7693,3101.4600,0.3500
2019-03-22,0.7679,3104.1500,0.0900
2019-03-25,0.7571,3043.0300,-1.9700
2019-03-26,0.7581,2997.1000,-1.5100
2019-03-27,0.7576,3022.7200,0.8500
2019-03-28,0.7561,2994.9400,-0.9200
2019-03-29,0.7672,3090.7600,3.2000
2019-04-01,0.7703,3170.3600,2.5800
2019-04-02,0.7701,3176.8200,0.2000
2019-04-03,0.7730,3216.3000,1.2400
2019-04-04,0.7716,3246.5700,0.9400
2019-04-08,0.7671,3244.8100,-0.0500
2019-04-09,0.7667,3239.6600,-0.1600
2019-04-10,0.7634,3241.9300,0.0700
2019-04-11,0.7592,3189.9600,-1.6000
2019-04-12,0.7587,3188.6300,-0.0400
2019-04-15,0.7564,3177.7900,-0.3400
2019-04-16,0.7598,3253.6000,2.3900
2019-04-17,0.7580,3263.1200,0.2900
2019-04-23,0.7515,3198.5900,-0.5100
2019-04-24,0.7479,3201.6100,0.0900
2019-04-25,0.7462,3123.8300,-2.4300
2019-04-26,0.7452,3086.4000,-1.2000
2019-04-29,0.7497,3062.5000,-0.7700
2019-04-30,0.7492,3078.3400,0.5200
2019-05-06,0.7435,2906.4600,-5.5800
2019-05-07,0.7424,2926.3900,0.6900
2019-05-08,0.7374,2893.7600,-1.1200
2019-05-09,0.7318,2850.9500,-1.4800
2019-05-14,0.7209,2883.6100,-0.6900
2019-05-15,0.7218,2938.6800,1.9100
2019-05-16,0.7184,2955.7100,0.5800
2019-05-17,0.7128,2882.3000,-2.4800
2019-05-20,0.7103,2870.6000,-0.4100
2019-05-21,0.7067,2905.9700,1.2300
2019-05-22,0.7022,2891.7000,-0.4900
2019-05-23,0.6980,2852.5200,-1.3600
2019-05-24,0.6964,2852.9900,0.0200
2019-05-27,0.6945,2892.3800,1.3800
2019-05-28,0.7001,2909.9100,0.6100
2019-05-29,0.6968,2914.7000,0.1600
2019-05-30,0.6960,2905.8100,-0.3100
2019-05-31,0.6955,2898.7000,-0.2400
2019-06-03,0.6999,2890.0800,-0.3000
2019-06-04,0.7010,2862.2800,-0.9600
2019-06-05,0.7040,2861.4200,-0.0300
2019-06-06,0.7051,2827.8000,-1.1700
2019-06-10,0.7130,2852.1300,0.8600
2019-06-11,0.7199,2925.7200,2.5800
2019-06-12,0.7212,2909.3800,-0.5600
2019-06-13,0.7224,2910.7400,0.0500
2019-06-14,0.7208,2881.9700,-0.9900
2019-06-17,0.7213,2887.6200,0.2000
2019-06-18,0.7229,2890.1600,0.0900
2019-06-19,0.7278,2917.8000,0.9600
2019-06-20,0.7334,2987.1200,2.3800
2019-06-21,0.7407,3001.9800,0.5000
2019-06-24,0.7388,3008.1500,0.2100
2019-06-25,0.7355,2982.0700,-0.8700
2019-06-26,0.7343,2976.2800,-0.1900
2019-06-27,0.7381,2996.7900,0.6900
2019-07-02,0.7392,3043.9400,-0.0300
2019-07-03,0.7387,3015.2600,-0.9400
2019-07-04,0.7397,3005.2500,-0.3300
2019-07-05,0.7401,3011.0600,0.1900
2019-07-08,0.7365,2933.3600,-2.5800
2019-07-09,0.7339,2928.2300,-0.1800
2019-07-10,0.7323,2915.3000,-0.4400
2019-07-11,0.7347,2917.7600,0.0800
2019-07-12,0.7362,2930.5500,0.4400
2019-07-15,0.7347,2942.1900,0.4000
2019-07-16,0.7357,2937.6200,-0.1600
2019-07-17,0.7375,2931.6900,-0.2000
2019-07-18,0.7393,2901.1800,-1.0400
2019-07-19,0.7455,2924.2000,0.7900
2019-07-22,0.7459,2886.9700,-1.2700
2019-07-23,0.7455,2899.9400,0.4500
2019-07-24,0.7476,2923.2800,0.8000
2019-07-25,0.7495,2937.3600,0.4800
2019-07-26,0.7481,2944.5400,0.2400
2019-07-29,0.7482,2941.0100,-0.1200
2019-07-30,0.7506,2952.3400,0.3900
2019-07-31,0.7501,2932.5100,-0.6700
2019-08-01,0.7490,2908.7700,-0.8100
2019-08-02,0.7422,2867.8400,-1.4100
2019-08-05,0.7387,2821.5000,-1.6200
2019-08-06,0.7357,2777.5600,-1.5600
2019-08-07,0.7327,2768.6800,-0.3200
2019-08-08,0.7352,2794.5500,0.9300
2019-08-09,0.7366,2774.7500,-0.7100
2019-08-12,0.7389,2814.9900,1.4500
2019-08-13,0.7364,2797.2600,-0.6300
2019-08-14,0.7376,2808.9100,0.4200
2019-08-15,0.7377,2815.8000,0.2500
2019-08-16,0.7375,2823.8200,0.2900
2019-08-19,0.7454,2883.1000,2.1000
2019-08-20,0.7441,2880.0000,-0.1100
2019-08-21,0.7461,2880.3300,0.0100
2019-08-22,0.7476,2883.4400,0.1100
2019-08-23,0.7488,2897.4300,0.4900
2019-08-26,0.7457,2863.5700,-1.1700
2019-08-27,0.7570,2902.1900,1.3500
2019-08-28,0.7562,2893.7600,-0.2900
2019-08-29,0.7566,2890.9200,-0.1000
2019-08-30,0.7633,2886.2400,-0.1600
2019-09-02,0.7686,2924.1100,1.3100
2019-09-03,0.7687,2930.1500,0.2100
2019-09-04,0.7736,2957.4100,0.9300
2019-09-05,0.7828,2985.8600,0.9600
2019-09-06,0.7913,2999.6000,0.4600
2019-09-09,0.7941,3024.7400,0.8400
2019-09-10,0.7965,3021.2000,-0.1200
2019-09-11,0.7989,3008.8100,-0.4100
2019-09-12,0.8022,3031.2400,0.7500
2019-09-16,0.8031,3030.7500,-0.0200
2019-09-17,0.8026,2978.1200,-1.7400
2019-09-18,0.8065,2985.6600,0.2500
2019-09-19,0.8092,2999.2800,0.4600
2019-09-20,0.8241,3006.4500,0.2400
2019-09-23,0.8226,2977.0800,-0.9800
2019-09-24,0.8253,2985.3400,0.2800
2019-09-25,0.8258,2955.4300,-1.0000
2019-09-26,0.8283,2929.0900,-0.8900
2019-09-27,0.8286,2932.1700,0.1100
2019-09-30,0.8280,2905.1900,-0.9200
2019-10-08,0.8297,2913.5700,0.2900
2019-10-09,0.8275,2924.8600,0.3900
2019-10-10,0.8277,2947.7100,0.7800
2019-10-11,0.8314,2973.6600,0.8800
2019-10-14,0.8341,3007.8800,1.1500
2019-10-15,0.8378,2991.0500,-0.5600
2019-10-16,0.8405,2978.7100,-0.4100
2019-10-17,0.8422,2977.3300,-0.0500
2019-10-18,0.8410,2938.1400,-1.3200
2019-10-21,0.8439,2939.6200,0.0500
2019-10-22,0.8442,2954.3800,0.5000
2019-10-23,0.8424,2941.6200,-0.4300
2019-10-24,0.8430,2940.9200,-0.0200
2019-10-25,0.8445,2954.9300,0.4800
2019-10-28,0.8473,2980.0500,0.8500
2019-10-29,0.8498,2954.1800,-0.8700
2019-10-30,0.8527,2939.3200,-0.5000
2019-10-31,0.8600,2929.0600,-0.3500
2019-11-01,0.8675,2958.2000,0.9900
2019-11-04,0.8716,2975.4900,0.5800
2019-11-05,0.8768,2991.5600,0.5400
2019-11-06,0.8776,2978.6000,-0.4300
2019-11-07,0.8797,2978.7100,0.0000
2019-11-08,0.8810,2964.1800,-0.4900
2019-11-11,0.8817,2909.9700,-1.8300
2019-11-12,0.8817,2914.8200,0.1700
2019-11-13,0.8799,2905.2400,-0.3300
2019-11-14,0.8812,2909.8700,0.1600
2019-11-15,0.8828,2891.3400,-0.6400
2019-11-18,0.8843,2909.2000,0.6200
2019-11-19,0.8868,2933.9900,0.8500
2019-11-20,0.8870,2911.0500,-0.7800
2019-11-21,0.8876,2903.6400,-0.2500
2019-11-22,0.8886,2885.2900,-0.6300
2019-11-25,0.8942,2906.1700,0.7200
2019-11-26,0.9157,2907.0600,0.0300
2019-11-27,0.9181,2903.1900,-0.1300
2019-11-28,0.9198,2889.6900,-0.4700
2019-11-29,0.9205,2871.9800,-0.6100
2019-12-02,0.9232,2875.8100,0.1300
2019-12-03,0.9266,2884.7000,0.3100
2019-12-04,0.9306,2878.1200,-0.2300
2019-12-05,0.9367,2899.4700,0.7400
2019-12-06,0.9410,2912.0100,0.4300
2019-12-09,0.9444,2914.4800,0.0800
2019-12-10,0.9474,2917.3200,0.1000
2019-12-11,0.9497,2924.4200,0.2400
2019-12-12,0.9563,2915.7000,-0.3000
2019-12-13,0.9615,2967.6800,1.7800
2019-12-16,0.9622,2984.3900,0.5600
2019-12-17,0.9710,3022.4200,1.2700
2019-12-18,0.9755,3017.0400,-0.1800
2019-12-19,0.9791,3017.0700,0.0000
2019-12-20,0.9828,3004.9400,-0.4000
2019-12-23,0.9845,2962.7500,-1.4000
2019-12-27,0.9892,3005.0400,-0.0800
2019-12-30,0.9936,3040.0200,1.1600
2019-12-31,0.9935,3050.1200,0.3300
2020-01-02,1.0036,3085.2000,1.1500
2020-01-03,1.0070,3083.7900,-0.0500
2020-01-06,1.0113,3083.4100,-0.0100
2020-01-07,1.0158,3104.8000,0.6900
2020-01-08,1.0173,3066.8900,-1.2200
2020-01-09,1.0248,3094.8800,0.9100
2020-01-10,1.0278,3092.2900,-0.0800
2020-01-13,1.0355,3115.5700,0.7500
2020-01-14,1.0389,3106.8200,-0.2800
2020-01-15,1.0400,3090.0400,-0.5400
2020-01-16,1.0438,3074.0800,-0.5200
2020-01-17,1.0473,3075.5000,0.0500
2020-01-20,1.0515,3095.7900,0.6600
2020-01-21,1.0444,3052.1400,-1.4100
2020-01-22,1.0436,3060.7500,0.2800
2020-01-23,1.0319,2976.5300,-2.7500
2020-02-03,1.0501,2746.6100,-7.7200
2020-02-04,1.0550,2783.2900,1.3400
2020-02-05,1.0547,2818.0900,1.2500
2020-02-06,1.0652,2866.5100,1.7200
2020-02-07,1.0619,2875.9600,0.3300
2020-02-10,1.0587,2890.4900,0.5100
2020-02-11,1.0597,2901.6700,0.3900
2020-02-12,1.0612,2926.9000,0.8700
2020-02-13,1.0620,2906.0700,-0.7100
2020-02-14,1.0663,2917.0100,0.3800
2020-02-17,1.0717,2983.6200,2.2800
2020-02-18,1.0663,2984.9700,0.0500
2020-02-19,1.0700,2975.4000,-0.3200
2020-02-20,1.0739,3030.1500,1.8400
2020-02-21,1.0728,3039.6700,0.3100
2020-02-24,1.0641,3031.2300,-0.2800
2020-02-25,1.0593,3013.0500,-0.6000
2020-02-26,1.0525,2987.9300,-0.8300
2020-02-27,1.0486,2991.3300,0.1100
2020-02-28,1.0435,2880.3000,-3.7100
2020-03-02,1.0476,2970.9300,3.1500
2020-03-03,1.0481,2992.9000,0.7400
2020-03-04,1.0473,3011.6700,0.6300
2020-03-05,1.0521,3071.6800,1.9900
2020-03-06,1.0491,3034.5100,-1.2100
2020-03-09,1.0348,2943.2900,-3.0100
2020-03-10,1.0378,2996.7600,1.8200
2020-03-11,1.0304,2968.5200,-0.9400
2020-03-12,1.0220,2923.4900,-1.5200
2020-03-13,1.0073,2887.4300,-1.2300
2020-03-16,0.9975,2789.2500,-3.4000
2020-03-17,0.9892,2779.6400,-0.3400
2020-03-18,0.9820,2728.7600,-1.8300
2020-03-19,0.9718,2702.1300,-0.9800
2020-03-20,0.9735,2745.6200,1.6100
2020-03-23,0.9655,2660.1700,-3.1100
2020-03-24,0.9695,2722.4400,2.3400
2020-03-25,0.9720,2781.5900,2.1700
2020-03-26,0.9706,2764.9100,-0.6000
2020-03-27,0.9741,2772.2000,0.2600
2020-03-30,0.9739,2747.2100,-0.9000
2020-03-31,0.9756,2750.3000,0.1100
2020-04-01,0.9798,2734.5200,-0.5700
2020-04-02,0.9841,2780.6400,1.6900
2020-04-03,0.9822,2763.9900,-0.6000
2020-04-07,0.9949,2820.7600,2.0500
2020-04-08,0.9914,2815.3700,-0.1900
2020-04-14,1.0057,2827.2800,1.5900
2020-04-15,1.0090,2811.1700,-0.5700
2020-04-16,1.0128,2819.9400,0.3100
2020-04-17,1.0214,2838.4900,0.6600
2020-04-20,1.0215,2852.5500,0.5000
2020-04-21,1.0187,2827.0100,-0.9000
2020-04-22,1.0199,2843.9800,0.6000
2020-04-23,1.0206,2838.5000,-0.1900
2020-04-24,1.0239,2808.5300,-1.0600
2020-04-27,1.0278,2815.4900,0.2500
2020-04-28,1.0288,2810.0200,-0.1900
2020-05-06,1.0300,2878.1400,0.6300
2020-05-07,1.0268,2871.5200,-0.2300
2020-05-08,1.0317,2895.3400,0.8300
2020-05-11,1.0343,2894.8000,-0.0200
2020-05-12,1.0361,2891.5600,-0.1100
2020-05-13,1.0359,2898.0500,0.2200
2020-05-14,1.0346,2870.3400,-0.9600
2020-05-15,1.0358,2868.4600,-0.0700
2020-05-18,1.0392,2875.4200,0.2400
2020-05-19,1.0429,2898.5800,0.8100
2020-05-20,1.0449,2883.7400,-0.5100
2020-05-21,1.0470,2867.9200,-0.5500
2020-05-22,1.0437,2813.7700,-1.8900
2020-05-25,1.0458,2817.9700,0.1500
2020-05-26,1.0497,2846.5500,1.0100
2020-05-27,1.0510,2836.8000,-0.3400
2020-05-28,1.0538,2846.2200,0.3300
2020-05-29,1.0589,2852.3500,0.2200
2020-06-01,1.0694,2915.4300,2.2100
2020-06-02,1.0714,2921.4000,0.2000
2020-06-03,1.0758,2923.3700,0.0700
2020-06-04,1.0787,2919.2500,-0.1400
2020-06-05,1.0830,2930.8000,0.4000
2020-06-08,1.0836,2937.7700,0.2400
2020-06-09,1.0882,2956.1100,0.6200
2020-06-10,1.0887,2943.7500,-0.4200
2020-06-11,1.0888,2920.9000,-0.7800
2020-06-12,1.0879,2919.7400,-0.0400
2020-06-15,1.0838,2890.0300,-1.0200
2020-06-16,1.0878,2931.7500,1.4400
2020-06-17,1.0851,2935.8700,0.1400
2020-06-18,1.0901,2939.3200,0.1200
2020-06-19,1.1083,2967.6300,0.9600
2020-06-22,1.1105,2965.2700,-0.0800
2020-06-23,1.1112,2970.6200,0.1800
2020-06-24,1.1131,2979.5500,0.3000
2020-06-29,1.1116,2961.5200,-0.6100
2020-07-02,1.1287,3090.5700,2.1300
2020-07-03,1.1419,3152.8100,2.0100
2020-07-06,1.1556,3332.8800,5.7100
2020-07-07,1.1654,3345.3400,0.3700
2020-07-08,1.1666,3403.4400,1.7400
2020-07-09,1.1745,3450.5900,1.3900
2020-07-10,1.1701,3383.3200,-1.9500
2020-07-13,1.1770,3443.2900,1.7700
2020-07-14,1.1596,3414.6200,-0.8300
2020-07-15,1.1569,3361.3000,-1.5600
2020-07-16,1.1500,3210.1000,-4.5000
2020-07-17,1.1510,3214.1300,0.1300
2020-07-20,1.1451,3314.1500,3.1100
2020-07-21,1.1421,3320.8900,0.2000
2020-07-22,1.1463,3333.1600,0.3700
2020-07-23,1.1426,3325.1100,-0.2400
2020-07-24,1.1263,3196.7700,-3.8600
2020-07-27,1.1248,3205.2300,0.2600
2020-07-28,1.1225,3227.9600,0.7100
2020-07-29,1.1303,3294.5500,2.0600
2020-07-30,1.1239,3286.8200,-0.2300
2020-07-31,1.1220,3310.0100,0.7100
2020-08-03,1.1218,3367.9700,1.7500
2020-08-04,1.1240,3371.6900,0.1100
2020-08-05,1.1220,3377.5600,0.1700
2020-08-06,1.1194,3386.4600,0.2600
2020-08-07,1.1176,3354.0400,-0.9600
2020-08-10,1.1176,3379.2500,0.7500
2020-08-11,1.1215,3340.2900,-1.1500
2020-08-12,1.1199,3319.2700,-0.6300
2020-08-13,1.1178,3320.7300,0.0400
2020-08-14,1.1242,3360.1000,1.1900
2020-08-17,1.1299,3438.8000,2.3400
2020-08-18,1.1279,3451.0900,0.3600
2020-08-19,1.1218,3408.1300,-1.2400
2020-08-20,1.1189,3363.9000,-1.3000
2020-08-21,1.1201,3380.6800,0.5000
2020-08-24,1.1220,3385.6400,0.1500
2020-08-25,1.1238,3373.5800,-0.3600
2020-08-26,1.1226,3329.7400,-1.3000
2020-08-27,1.1216,3350.1100,0.6100
2020-08-28,1.1280,3403.8100,1.6000
2020-08-31,1.1200,3395.6800,-0.2400
2020-09-01,1.1197,3410.6100,0.4400
2020-09-02,1.1131,3404.8000,-0.1700
2020-09-03,1.1121,3384.9800,-0.5800
2020-09-04,1.1058,3355.3700,-0.8700
2020-09-07,1.1003,3292.5900,-1.8700
2020-09-08,1.1066,3316.4200,0.7200
2020-09-09,1.1029,3254.6300,-1.8600
2020-09-10,1.1039,3234.8200,-0.6100
2020-09-11,1.1052,3260.3500,0.7900
2020-09-14,1.1020,3278.8100,0.5700
2020-09-15,1.1054,3295.6800,0.5100
2020-09-16,1.1061,3283.9200,-0.3600
2020-09-17,1.1065,3270.4400,-0.4100
2020-09-18,1.1160,3338.0900,2.0700
2020-09-21,1.1095,3316.9400,-0.6300
2020-09-22,1.1075,3274.3000,-1.2900
2020-09-23,1.1048,3279.7100,0.1700
2020-09-24,1.0926,3223.1800,-1.7200
2020-09-25,1.0913,3219.4200,-0.1200
2020-09-28,1.0902,3217.5300,-0.0600
2020-09-29,1.0901,3224.3600,0.2100
2020-09-30,1.0872,3218.0500,-0.2000
2020-10-09,1.0985,3272.0800,1.6800
2020-10-12,1.1120,3358.4700,2.6400
2020-10-14,1.1104,3340.7800,-0.5600
2020-10-15,1.1101,3332.1800,-0.2600
2020-10-16,1.1096,3336.3600,0.1300
2020-10-19,1.1064,3312.6700,-0.7100
2020-10-20,1.1052,3328.1000,0.4700
2020-10-21,1.0983,3325.0200,-0.0900
2020-10-22,1.0956,3312.5000,-0.3800
2020-10-27,1.0909,3254.3200,0.1000
2020-10-28,1.0911,3269.2400,0.4600
2020-10-29,1.0929,3272.7300,0.1100
2020-10-30,1.0872,3224.5300,-1.4700
2020-11-02,1.0903,3225.1200,0.0200
2020-11-03,1.0934,3271.0700,1.4200
2020-11-04,1.0937,3277.4400,0.1900
2020-11-05,1.1047,3320.1300,1.3000
2020-11-06,1.1087,3312.1600,-0.2400
2020-11-09,1.1284,3373.7300,1.8600
2020-11-10,1.1242,3360.1500,-0.4000
2020-11-11,1.1233,3342.2000,-0.5300
2020-11-12,1.1228,3338.6800,-0.1100
2020-11-13,1.1179,3310.1000,-0.8600
2020-11-16,1.1205,3346.9700,1.1100
2020-11-17,1.1205,3339.9000,-0.2100
2020-11-18,1.1205,3347.3000,0.2200
2020-11-19,1.1209,3363.0900,0.4700
2020-11-20,1.1234,3377.7300,0.4400
2020-11-23,1.1334,3414.4900,1.0900
2020-11-24,1.1333,3402.8200,-0.3400
2020-11-25,1.1317,3362.3300,-1.1900
2020-11-26,1.1378,3369.7300,0.2200
2020-11-27,1.1402,3408.3100,1.1400
2020-11-30,1.1452,3391.7600,-0.4900
2020-12-01,1.1615,3451.9400,1.7700
2020-12-02,1.1574,3449.3800,-0.0700
2020-12-03,1.1610,3442.1400,-0.2100
2020-12-04,1.1648,3444.5800,0.0700
2020-12-07,1.1636,3416.6000,-0.8100
2020-12-08,1.1703,3410.1800,-0.1900
2020-12-09,1.1742,3371.9600,-1.1200
2020-12-10,1.1757,3373.2800,0.0400
2020-12-11,1.1717,3347.1900,-0.7700
2020-12-14,1.1720,3369.1200,0.6600
2020-12-15,1.1716,3367.2300,-0.0600
2020-12-16,1.1735,3366.9800,-0.0100
2020-12-17,1.1816,3404.8700,1.1300
2020-12-18,1.1802,3394.9000,-0.2900
2020-12-21,1.1881,3420.5700,0.7600
2020-12-22,1.1845,3356.7800,-1.8600
2020-12-23,1.1888,3382.3200,0.7600
2020-12-28,1.1884,3397.2900,0.0200
2020-12-29,1.1929,3379.0400,-0.5400
2020-12-30,1.1993,3414.4500,1.0500
2020-12-31,1.2024,3473.0700,1.7200
2021-01-04,1.2019,3502.9600,0.8600
2021-01-05,1.1974,3528.6800,0.7300
2021-01-06,1.1977,3550.8800,0.6300
2021-01-07,1.2009,3576.2000,0.7100
2021-01-08,1.2215,3570.1100,-0.1700
2021-01-11,1.2224,3531.5000,-1.0800
2021-01-12,1.2309,3608.3400,2.1800
2021-01-13,1.2336,3598.6500,-0.2700
2021-01-14,1.2387,3565.9000,-0.9100
2021-01-15,1.2395,3566.3800,0.0100
2021-01-18,1.2411,3596.2200,0.8400
2021-01-19,1.2421,3566.3800,-0.8300
2021-01-20,1.2454,3583.0900,0.4700
2021-01-21,1.2511,3621.2600,1.0700
2021-01-22,1.2491,3606.7500,-0.4000
2021-01-25,1.2510,3624.2400,0.4800
2021-01-26,1.2475,3569.4300,-1.5100
2021-01-27,1.2462,3573.3400,0.1100
2021-01-28,1.2398,3505.1800,-1.9100
2021-01-29,1.2424,3483.0700,-0.6300
2021-02-01,1.2458,3505.2800,0.6400
2021-02-02,1.2491,3533.6800,0.8100
2021-02-03,1.2525,3517.3100,-0.4600
2021-02-04,1.2593,3501.8600,-0.4400
2021-02-05,1.2677,3496.3300,-0.1600
2021-02-08,1.2756,3532.4500,1.0300
2021-02-09,1.2782,3603.4900,2.0100
2021-02-10,1.2765,3655.0900,1.4300
2021-02-18,1.2815,3675.3600,0.5500
2021-02-19,1.2911,3696.1700,0.5700
2021-02-22,1.2900,3642.4400,-1.4500
2021-02-23,1.2906,3636.3600,-0.1700
2021-02-24,1.2900,3564.0800,-1.9900
2021-02-25,1.2892,3585.0500,0.5900
2021-02-26,1.2836,3509.0800,-2.1200
2021-03-01,1.2874,3551.4000,1.2100
2021-03-02,1.2806,3508.5900,-1.2100
2021-03-03,1.2896,3576.9000,1.9500
2021-03-04,1.2822,3503.4900,-2.0500
2021-03-05,1.2828,3501.9900,-0.0400
2021-03-08,1.2742,3421.4100,-2.3000
2021-03-09,1.2766,3359.2900,-1.8200
2021-03-10,1.2818,3357.7400,-0.0500
2021-03-11,1.2885,3436.8300,2.3600
2021-03-12,1.2894,3453.0800,0.4700
2021-03-15,1.2931,3419.9500,-0.9600
2021-03-16,1.2986,3446.7300,0.7800
2021-03-17,1.2988,3445.5500,-0.0300
2021-03-18,1.3021,3463.0700,0.5100
2021-03-19,1.2981,3404.6600,-1.6900
2021-03-22,1.3052,3443.4400,1.1400
2021-03-23,1.2981,3411.5100,-0.9300
2021-03-24,1.3031,3367.0600,-1.3000
2021-03-25,1.3058,3363.5900,-0.1000
2021-03-26,1.3122,3418.3300,1.6300
2021-03-29,1.3064,3435.3000,0.5000
2021-03-30,1.3102,3456.6800,0.6200
2021-03-31,1.3023,3441.9100,-0.4300
2021-04-07,1.2995,3479.6300,-0.1000
2021-04-08,1.2978,3482.5500,0.0800
2021-04-09,1.2970,3450.6800,-0.9200
2021-04-12,1.3013,3412.9500,-1.0900
2021-04-13,1.3098,3396.4700,-0.4800
2021-04-14,1.3155,3416.7200,0.6000
2021-04-15,1.3145,3398.9900,-0.5200
2021-04-16,1.3217,3426.6200,0.8100
2021-04-19,1.3380,3477.5500,1.4900
2021-04-20,1.3375,3472.9400,-0.1300
2021-04-21,1.3364,3472.9300,0.0000
2021-04-22,1.3348,3465.1100,-0.2300
2021-04-23,1.3427,3474.1700,0.2600
2021-04-26,1.3459,3441.1700,-0.9500
2021-04-27,1.3494,3442.6100,0.0400
2021-04-28,1.3514,3457.0700,0.4200
2021-04-29,1.3565,3474.9000,0.5200
2021-04-30,1.3549,3446.8600,-0.8100
2021-05-06,1.3551,3441.2800,-0.1600
2021-05-07,1.3555,3418.8700,-0.6500
2021-05-10,1.3600,3427.9900,0.2700
2021-05-11,1.3552,3441.8500,0.4000
2021-05-12,1.3548,3462.7500,0.6100
2021-05-13,1.3492,3429.5400,-0.9600
2021-05-14,1.3582,3490.3800,1.7700
2021-05-17,1.3608,3517.6200,0.7800
2021-05-20,1.3592,3506.9400,-0.1100
2021-05-21,1.3587,3486.5600,-0.5800
2021-05-24,1.3605,3497.2800,0.3100
2021-05-25,1.3823,3581.3400,2.4000
2021-05-26,1.3914,3593.3600,0.3400
2021-05-27,1.4060,3608.8500,0.4300
2021-05-28,1.4055,3600.7800,-0.2200
2021-05-31,1.4107,3615.4800,0.4100
2021-06-01,1.4118,3624.7100,0.2600
2021-06-02,1.4098,3597.1400,-0.7600
2021-06-03,1.4113,3584.2100,-0.3600
2021-06-04,1.4144,3591.8400,0.2100
2021-06-07,1.4104,3599.5400,0.2100
2021-06-08,1.4107,3580.1100,-0.5400
2021-06-09,1.4135,3591.4000,0.3200
2021-06-10,1.4203,3610.8600,0.5400
2021-06-11,1.4173,3589.7500,-0.5800
2021-06-15,1.4121,3556.5600,-0.9200
2021-06-16,1.4117,3518.3300,-1.0700
2021-06-17,1.4133,3525.6000,0.2100
2021-06-18,1.4123,3525.1000,-0.0100
2021-06-21,1.4103,3529.1800,0.1200
2021-06-22,1.4079,3557.4100,0.8000
2021-06-23,1.4161,3566.2200,0.2500
2021-06-24,1.4192,3566.6500,0.0100
2021-06-25,1.4333,3607.5600,1.1500
2021-06-28,1.4292,3606.3700,-0.0300
2021-06-29,1.4261,3573.1800,-0.9200
2021-07-02,1.4175,3518.7600,-1.9500
2021-07-05,1.4234,3534.3200,0.4400
2021-07-06,1.4233,3530.2600,-0.1100
2021-07-07,1.4277,3553.7200,0.6600
2021-07-08,1.4260,3525.5000,-0.7900
2021-07-09,1.4258,3524.0900,-0.0400
2021-07-12,1.4274,3547.8400,0.6700
2021-07-13,1.4300,3566.5200,0.5300
2021-07-14,1.4192,3528.5000,-1.0700
2021-07-15,1.4316,3564.5900,1.0200
2021-07-16,1.4275,3539.3000,-0.7100
2021-07-19,1.4318,3539.1200,-0.0100
2021-07-20,1.4349,3536.7900,-0.0700
2021-07-21,1.4380,3562.6600,0.7300
2021-07-22,1.4439,3574.7300,0.3400
2021-07-23,1.4393,3550.4000,-0.6800
2021-07-26,1.4265,3467.4400,-2.3400
2021-07-27,1.4223,3381.1800,-2.4900
2021-07-28,1.4304,3361.5900,-0.5800
2021-07-29,1.4346,3411.7200,1.4900
2021-07-30,1.4368,3397.3600,-0.4200
2021-08-02,1.4420,3464.2900,1.9700
2021-08-03,1.4438,3447.9900,-0.4700
2021-08-04,1.4494,3477.2200,0.8500
2021-08-05,1.4474,3466.5500,-0.3100
2021-08-06,1.4469,3458.2300,-0.2400
2021-08-09,1.4514,3494.6300,1.0500
2021-08-10,1.4524,3529.9300,1.0100
2021-08-11,1.4496,3532.6200,0.0800
2021-08-12,1.4494,3524.7400,-0.2200
2021-08-13,1.4482,3516.3000,-0.2400
2021-08-16,1.4544,3517.3400,0.0300
2021-08-17,1.4559,3446.9800,-2.0000
2021-08-18,1.4593,3485.2900,1.1100
2021-08-19,1.4485,3465.5500,-0.5700
2021-08-20,1.4377,3427.3300,-1.1000
2021-08-23,1.4395,3477.1300,1.4500
2021-08-24,1.4449,3514.4700,1.0700
2021-08-25,1.4483,3540.3800,0.7400
2021-08-26,1.4495,3501.6600,-1.0900
2021-08-27,1.4557,3522.1600,0.5900
2021-08-30,1.4576,3528.1500,0.1700
2021-08-31,1.4637,3543.9400,0.4500
2021-09-01,1.4714,3567.1000,0.6500
2021-09-02,1.4766,3597.0400,0.8400
2021-09-03,1.4836,3581.7300,-0.4300
2021-09-06,1.4870,3621.8600,1.1200
2021-09-07,1.4931,3676.5900,1.5100
2021-09-08,1.4915,3675.1900,-0.0400
2021-09-09,1.4941,3693.1300,0.4900
2021-09-10,1.4977,3703.1100,0.2700
2021-09-13,1.4939,3715.3700,0.3300
2021-09-14,1.4897,3662.6000,-1.4200
2021-09-15,1.4919,3656.2200,-0.1700
2021-09-16,1.4889,3607.0900,-1.3400
2021-09-23,1.4846,3642.2200,0.3800
2021-09-24,1.4873,3613.0700,-0.8000
2021-09-27,1.4888,3582.8300,-0.8400
2021-09-28,1.4936,3602.2200,0.5400
2021-09-29,1.4933,3536.2900,-1.8300
2021-09-30,1.4943,3568.1700,0.9000
2021-10-08,1.4917,3592.1700,0.6700
2021-10-11,1.4919,3591.7100,-0.0100
2021-10-12,1.4905,3546.9400,-1.2500
2021-10-15,1.4932,3572.3700,0.4000
2021-10-18,1.4852,3568.1400,-0.1200
2021-10-19,1.4891,3593.1500,0.7000
2021-10-20,1.4932,3587.0000,-0.1700
2021-10-21,1.5033,3594.7800,0.2200
2021-10-22,1.5165,3582.6000,-0.3400
2021-10-25,1.5174,3609.8600,0.7600
2021-10-26,1.5182,3597.6400,-0.3400
2021-10-27,1.5152,3562.3100,-0.9800
2021-10-28,1.5224,3518.4200,-1.2300
2021-10-29,1.5271,3547.3400,0.8200
2021-11-01,1.5278,3544.4800,-0.0800
2021-11-02,1.5302,3505.6300,-1.1000
2021-11-03,1.5309,3498.5400,-0.2000
2021-11-04,1.5321,3526.8700,0.8100
2021-11-05,1.5315,3491.5700,-1.0000
2021-11-08,1.5305,3498.6300,0.2000
2021-11-09,1.5284,3507.0000,0.2400
2021-11-10,1.5166,3492.4600,-0.4100
2021-11-11,1.5252,3532.7900,1.1500
2021-11-12,1.5288,3539.1000,0.1800
2021-11-15,1.5322,3533.3000,-0.1600
2021-11-16,1.5364,3521.7900,-0.3300
2021-11-17,1.5362,3537.3700,0.4400
2021-11-18,1.5317,3520.7100,-0.4700
2021-11-19,1.5400,3560.3700,1.1300
2021-11-22,1.5414,3582.0800,0.6100
2021-11-23,1.5467,3589.0900,0.2000
2021-11-24,1.5490,3592.7000,0.1000
2021-11-25,1.5502,3584.1800,-0.2400
2021-11-26,1.5457,3564.0900,-0.5600
2021-11-29,1.5490,3562.7000,-0.0400
2021-11-30,1.5456,3563.8900,0.0300
2021-12-01,1.5486,3576.8900,0.3600
2021-12-02,1.5516,3573.8400,-0.0900
2021-12-03,1.5608,3607.4300,0.9400
2021-12-06,1.5612,3589.3100,-0.5000
2021-12-07,1.5692,3595.0900,0.1600
2021-12-08,1.5789,3637.5700,1.1800
2021-12-09,1.6005,3673.0400,0.9800
2021-12-10,1.6097,3666.3500,-0.1800
2021-12-13,1.6150,3681.0800,0.4000
2021-12-14,1.6211,3661.5300,-0.5300
2021-12-15,1.6218,3647.6300,-0.3800
2021-12-16,1.6277,3675.0200,0.7500
2021-12-17,1.6211,3632.3600,-1.1600
2021-12-20,1.6202,3593.6000,-1.0700
2021-12-21,1.6192,3625.1300,0.8800
2021-12-22,1.6174,3622.6200,-0.0700
2021-12-23,1.6199,3643.3400,0.5700
2021-12-28,1.6212,3630.1100,0.3900
2021-12-29,1.6219,3597.0000,-0.9100
2021-12-30,1.6300,3619.1900,0.6200
2021-12-31,1.6346,3639.7800,0.5700
2022-01-04,1.6350,3632.3300,-0.2000
2022-01-05,1.6381,3595.1800,-1.0200
2022-01-06,1.6314,3586.0800,-0.2500
2022-01-07,1.6408,3579.5400,-0.1800
2022-01-10,1.6455,3593.5200,0.3900
2022-01-11,1.6415,3567.4400,-0.7300
2022-01-12,1.6485,3597.4300,0.8400
2022-01-13,1.6479,3555.2600,-1.1700
2022-01-14,1.6482,3521.2600,-0.9600
2022-01-17,1.6499,3541.6700,0.5800
2022-01-18,1.6523,3569.9100,0.8000
2022-01-19,1.6561,3558.1800,-0.3300
2022-01-20,1.6687,3555.0600,-0.0900
2022-01-21,1.6774,3522.5700,-0.9100
2022-01-24,1.6809,3524.1100,0.0400
2022-01-25,1.6773,3433.0600,-2.5800
2022-01-26,1.6784,3455.6700,0.6600
2022-01-27,1.6638,3394.2500,-1.7800
2022-01-28,1.6514,3361.4400,-0.9700
2022-02-07,1.6569,3429.5800,2.0300
2022-02-08,1.6561,3452.6300,0.6700
2022-02-09,1.6566,3479.9500,0.7900
2022-02-10,1.6611,3485.9100,0.1700
2022-02-11,1.6621,3462.9500,-0.6600
2022-02-14,1.6583,3428.8800,-0.9800
2022-02-15,1.6548,3446.0900,0.5000
2022-02-16,1.6531,3465.8300,0.5700
2022-02-17,1.6549,3468.0400,0.0600
2022-02-18,1.6597,3490.7600,0.6600
2022-02-21,1.6562,3490.6100,0.0000
2022-02-22,1.6488,3457.1500,-0.9600
2022-02-23,1.6503,3489.1500,0.9300
2022-02-24,1.6469,3429.9600,-1.7000
2022-02-25,1.6533,3451.4100,0.6300
2022-02-28,1.6553,3462.3100,0.3200
2022-03-01,1.6586,3488.8300,0.7700
2022-03-02,1.6578,3484.1900,-0.1300
2022-03-03,1.6571,3481.1100,-0.0900
2022-03-04,1.6576,3447.6500,-0.9600
2022-03-07,1.6493,3372.8600,-2.1700
2022-03-08,1.6406,3293.5300,-2.3500
2022-03-09,1.6297,3256.3900,-1.1300
2022-03-10,1.6263,3296.0900,1.2200
2022-03-11,1.6212,3309.7500,0.4100
2022-03-14,1.6068,3223.5300,-2.6000
2022-03-15,1.5908,3063.9700,-4.9500
2022-03-16,1.5907,3170.7100,3.4800
2022-03-17,1.5961,3215.0400,1.4000
2022-03-18,1.6045,3251.0700,1.1200
2022-03-21,1.5961,3253.6900,0.0800
2022-03-22,1.5952,3259.8600,0.1900
2022-03-23,1.5950,3271.0300,0.3400
2022-03-24,1.5949,3250.2600,-0.6300
2022-03-25,1.5918,3212.2400,-1.1700
2022-03-28,1.5968,3214.5000,0.0700
2022-03-29,1.5965,3203.9400,-0.3300
2022-03-30,1.6092,3266.6000,1.9600
2022-03-31,1.6102,3252.2000,-0.4400
2022-04-01,1.6147,3282.7200,0.9400
2022-04-06,1.6093,3283.4300,0.0200
2022-04-07,1.6087,3236.7000,-1.4200
2022-04-08,1.6081,3251.8500,0.4700
2022-04-11,1.6024,3167.1300,-2.6100
2022-04-12,1.6115,3213.3300,1.4600
2022-04-13,1.6110,3186.8200,-0.8200
2022-04-19,1.6090,3194.0300,-0.0500
2022-04-20,1.6038,3151.0500,-1.3500
2022-04-21,1.6047,3079.8100,-2.2600
2022-04-22,1.6114,3086.9200,0.2300
2022-04-25,1.6070,2928.5100,-5.1300
2022-04-26,1.6086,2886.4300,-1.4400
2022-04-27,1.6129,2958.2800,2.4900
2022-04-28,1.6123,2975.4800,0.5800
2022-04-29,1.6165,3047.0600,2.4100
2022-05-05,1.6142,3067.7600,0.6800
2022-05-10,1.6053,3035.8400,1.0600
2022-05-11,1.6075,3058.7000,0.7500
2022-05-12,1.6048,3054.9900,-0.1200
2022-05-13,1.6069,3084.2800,0.9600
2022-05-16,1.5990,3073.7500,-0.3400
2022-05-17,1.6050,3093.7000,0.6500
2022-05-18,1.6027,3085.9800,-0.2500
2022-05-19,1.6078,3096.9600,0.3600
2022-05-20,1.6221,3146.5700,1.6000
2022-05-23,1.6163,3146.8600,0.0100
2022-05-24,1.6068,3070.9300,-2.4100
2022-05-25,1.6102,3107.4600,1.1900
2022-05-26,1.6086,3123.1100,0.5000
2022-05-27,1.6125,3130.2400,0.2300
2022-05-30,1.6196,3149.0600,0.6000
2022-05-31,1.6334,3186.4300,1.1900
2022-06-01,1.6347,3182.1600,-0.1300
2022-06-02,1.6378,3195.4600,0.4200
2022-06-06,1.6491,3236.3700,1.2800
2022-06-07,1.6537,3241.7600,0.1700
2022-06-08,1.6595,3263.7900,0.6800
2022-06-09,1.6631,3238.9500,-0.7600
2022-06-10,1.6747,3284.8300,1.4200
2022-06-13,1.6612,3255.5500,-0.8900
2022-06-14,1.6651,3288.9100,1.0200
2022-06-15,1.6785,3305.4100,0.5000
2022-06-16,1.6829,3285.3800,-0.6100
2022-06-17,1.6921,3316.7900,0.9600
2022-06-20,1.6824,3315.4300,-0.0400
2022-06-21,1.6813,3306.7200,-0.2600
2022-06-22,1.6745,3267.2000,-1.2000
2022-06-23,1.6865,3320.1500,1.6200
2022-06-24,1.6961,3349.7500,0.8900
2022-06-27,1.7034,3379.1900,0.8800
2022-06-28,1.7081,3409.2100,0.8900
2022-06-29,1.7064,3361.5200,-1.4000
2022-07-04,1.7109,3405.4300,0.5300
2022-07-05,1.7095,3404.0300,-0.0400
2022-07-06,1.7081,3355.3500,-1.4300
2022-07-07,1.7087,3364.4000,0.2700
2022-07-08,1.7099,3356.0800,-0.2500
2022-07-11,1.7089,3313.5800,-1.2700
2022-07-12,1.7046,3281.4700,-0.9700
2022-07-13,1.6977,3284.2900,0.0900
2022-07-14,1.6968,3281.7400,-0.0800
2022-07-15,1.6879,3228.0600,-1.6400
2022-07-18,1.6914,3278.1000,1.5500
2022-07-19,1.6816,3279.4300,0.0400
2022-07-20,1.6853,3304.7200,0.7700
2022-07-21,1.6825,3272.0000,-0.9900
2022-07-22,1.6842,3269.9700,-0.0600
2022-07-25,1.6808,3250.3900,-0.6000
2022-07-26,1.6880,3277.4400,0.8300
2022-07-27,1.6843,3275.7600,-0.0500
2022-07-28,1.6870,3282.5800,0.2100
2022-07-29,1.6853,3253.2400,-0.8900
2022-08-01,1.6877,3259.9600,0.2100
2022-08-02,1.6854,3186.2700,-2.2600
2022-08-03,1.6843,3163.6700,-0.7100
2022-08-04,1.6811,3189.0400,0.8000
2022-08-05,1.6841,3227.0300,1.1900
2022-08-08,1.6830,3236.9300,0.3100
2022-08-09,1.6808,3247.4300,0.3200
2022-08-10,1.6746,3230.0200,-0.5400
2022-08-11,1.6878,3281.6700,1.6000
2022-08-12,1.6917,3276.8900,-0.1500
2022-08-15,1.6928,3276.0900,-0.0200
2022-08-16,1.6937,3277.8800,0.0500
2022-08-17,1.7006,3292.5300,0.4500
2022-08-18,1.6959,3277.5400,-0.4600
2022-08-19,1.6977,3258.0800,-0.5900
2022-08-22,1.7020,3277.7900,0.6100
2022-08-23,1.6927,3276.2200,-0.0500
2022-08-24,1.6861,3215.2000,-1.8600
2022-08-25,1.6878,3246.2500,0.9700
2022-08-26,1.6930,3236.2200,-0.3100
2022-08-29,1.6951,3240.7300,0.1400
2022-08-30,1.6901,3227.2200,-0.4200
2022-08-31,1.6980,3202.1400,-0.7800
2022-09-01,1.6972,3184.9800,-0.5400
2022-09-02,1.6934,3186.4800,0.0500
2022-09-05,1.6858,3199.9100,0.4200
2022-09-06,1.6819,3243.4500,1.3600
2022-09-07,1.6785,3246.2900,0.0900
2022-09-08,1.6784,3235.5900,-0.3300
2022-09-09,1.6932,3262.0500,0.8200
2022-09-13,1.6971,3263.8000,0.0500
2022-09-14,1.6957,3237.5400,-0.8000
2022-09-15,1.6916,3199.9200,-1.1600
2022-09-16,1.6871,3126.4000,-2.3000
2022-09-19,1.6887,3115.6000,-0.3500
2022-09-20,1.6882,3122.4100,0.2200
2022-09-21,1.6851,3117.1800,-0.1700
2022-09-22,1.6815,3108.9100,-0.2700
2022-09-23,1.6810,3088.3700,-0.6600
2022-09-26,1.6852,3051.2300,-1.2000
2022-09-27,1.6885,3093.8600,1.4000
2022-09-28,1.6847,3045.0700,-1.5800
2022-09-29,1.6881,3041.2000,-0.1300
2022-09-30,1.6868,3024.3900,-0.5500
2022-10-10,1.6882,2974.1500,-1.6600
2022-10-11,1.6870,2979.7900,0.1900
2022-10-12,1.6811,3025.5100,1.5300
2022-10-13,1.6731,3016.3600,-0.3000
2022-10-14,1.6805,3071.9900,1.8400
2022-10-17,1.6761,3084.9400,0.4200
2022-10-18,1.6724,3080.9600,-0.1300
2022-10-19,1.6664,3044.3800,-1.1900
2022-10-20,1.6601,3035.0500,-0.3100
2022-10-21,1.6512,3038.9300,0.1300
2022-10-24,1.6333,2977.5600,-2.0200
2022-10-25,1.6361,2976.2800,-0.0400
2022-10-26,1.6396,2999.5000,0.7800
2022-10-27,1.6405,2982.9000,-0.5500
2022-10-28,1.6385,2915.9300,-2.2500
2022-10-31,1.6295,2893.4800,-0.7700
2022-11-01,1.6356,2969.2000,2.6200
2022-11-02,1.6281,3003.3700,1.1500
2022-11-03,1.6235,2997.8100,-0.1900
2022-11-04,1.6335,3070.8000,2.4300
2022-11-07,1.6295,3077.8200,0.2300
2022-11-08,1.6257,3064.4900,-0.4300
2022-11-09,1.6250,3048.1700,-0.5300
2022-11-10,1.6242,3036.1300,-0.3900
2022-11-11,1.6389,3087.2900,1.6900
2022-11-14,1.6555,3083.4000,-0.1300
2022-11-15,1.6636,3134.0800,1.6400
2022-11-16,1.6646,3119.9800,-0.4500
2022-11-17,1.6661,3115.4300,-0.1500
2022-11-18,1.6712,3097.2400,-0.5800
2022-11-21,1.6691,3085.0400,-0.3900
2022-11-22,1.6684,3088.9400,0.1300
2022-11-23,1.6699,3096.9100,0.2600
2022-11-24,1.6712,3089.3100,-0.2500
2022-11-25,1.6786,3101.6900,0.4000
2022-11-28,1.6749,3078.5500,-0.7500
2022-11-29,1.6847,3149.7500,2.3100
2022-11-30,1.6896,3151.3400,0.0500
2022-12-01,1.7010,3165.4700,0.4500
2022-12-02,1.7051,3156.1400,-0.2900
2022-12-05,1.7110,3211.8100,1.7600
2022-12-06,1.7116,3212.5300,0.0200
2022-12-07,1.7118,3199.6200,-0.4000
2022-12-08,1.7119,3197.3500,-0.0700
2022-12-09,1.7117,3206.9500,0.3000
2022-12-12,1.7073,3179.0400,-0.8700
2022-12-13,1.7064,3176.3300,-0.0900
2022-12-14,1.7080,3176.5300,0.0100
2022-12-15,1.7130,3168.6500,-0.2500
2022-12-16,1.7173,3167.8600,-0.0200
2022-12-19,1.7159,3107.1200,-1.9200
2022-12-20,1.7170,3073.7700,-1.0700
2022-12-21,1.7189,3068.4100,-0.1700
2022-12-22,1.7217,3054.4300,-0.4600
2022-12-28,1.7256,3087.4000,-0.2600
2022-12-29,1.7245,3073.7000,-0.4400
2022-12-30,1.7246,3089.2600,0.5100
2023-01-03,1.7240,3116.5100,0.8800
2023-01-04,1.7258,3123.5200,0.2200
2023-01-05,1.7385,3155.2200,1.0100
2023-01-06,1.7446,3157.6400,0.0800
2023-01-09,1.7523,3176.0800,0.5800
2023-01-10,1.7581,3169.5100,-0.2100
2023-01-11,1.7657,3161.8400,-0.2400
2023-01-12,1.7753,3163.4500,0.0500
2023-01-13,1.7886,3195.3100,1.0100
2023-01-16,1.8045,3227.5900,1.0100
2023-01-17,1.8137,3224.2400,-0.1000
2023-01-18,1.8185,3224.4100,0.0100
2023-01-19,1.8279,3240.2800,0.4900
2023-01-20,1.8371,3264.8100,0.7600
2023-01-30,1.8557,3269.3200,0.1400
2023-01-31,1.8659,3255.6700,-0.4200
2023-02-01,1.8729,3284.9200,0.9000
2023-02-02,1.8756,3285.6700,0.0200
2023-02-03,1.8713,3263.4100,-0.6800
2023-02-06,1.8708,3238.7000,-0.7600
2023-02-07,1.8669,3248.0900,0.2900
2023-02-08,1.8655,3232.1100,-0.4900
2023-02-09,1.8776,3270.3800,1.1800
2023-02-10,1.8742,3260.6700,-0.3000
2023-02-13,1.8749,3284.1600,0.7200
2023-02-14,1.8755,3293.2800,0.2800
2023-02-15,1.8737,3280.4900,-0.3900
2023-02-16,1.8805,3249.0300,-0.9600
2023-02-17,1.8825,3224.0200,-0.7700
2023-02-20,1.8885,3290.3400,2.0600
2023-02-21,1.8903,3306.5200,0.4900
2023-02-22,1.8856,3291.1500,-0.4700
2023-02-23,1.8835,3287.4800,-0.1100
2023-02-24,1.8784,3267.1600,-0.6200
2023-02-27,1.8764,3258.0300,-0.2800
2023-02-28,1.8751,3279.6100,0.6600
2023-03-01,1.8822,3312.3500,1.0000
2023-03-02,1.8829,3310.6500,-0.0500
2023-03-03,1.8850,3328.3900,0.5400
2023-03-06,1.8851,3322.0300,-0.1900
2023-03-07,1.8849,3285.1000,-1.1100
2023-03-08,1.8839,3283.2500,-0.0600
2023-03-09,1.8797,3276.0900,-0.2200
2023-03-10,1.8744,3230.0800,-1.4000
2023-03-13,1.8772,3268.7000,1.2000
2023-03-14,1.8779,3245.3100,-0.7200
2023-03-15,1.8812,3263.3100,0.5500
2023-03-16,1.8820,3226.8900,-1.1200
2023-03-17,1.8892,3250.5500,0.7300
2023-03-20,1.8908,3234.9100,-0.4800
2023-03-21,1.8951,3255.6500,0.6400
2023-03-22,1.8955,3265.7500,0.3100
2023-03-23,1.9004,3286.6500,0.6400
2023-03-24,1.9001,3265.6500,-0.6400
2023-03-27,1.8994,3251.4000,-0.4400
2023-03-28,1.8998,3245.3800,-0.1900
2023-03-29,1.9041,3240.0600,-0.1600
2023-03-30,1.9089,3261.2500,0.6500
2023-03-31,1.9106,3272.8600,0.3600
2023-04-03,1.9112,3296.4000,0.7200
2023-04-04,1.9075,3312.5600,0.4900
2023-04-11,1.9101,3313.5700,-0.0500
2023-04-12,1.9059,3327.1800,0.4100
2023-04-13,1.9058,3318.3600,-0.2700
2023-04-14,1.9123,3338.1500,0.6000
2023-04-17,1.9142,3385.6100,1.4200
2023-04-18,1.9165,3393.3300,0.2300
2023-04-19,1.9155,3370.1300,-0.6800
2023-04-20,1.9202,3367.0300,-0.0900
2023-04-21,1.9126,3301.2600,-1.9500
2023-04-24,1.9088,3275.4100,-0.7800
2023-04-25,1.9039,3264.8700,-0.3200
2023-04-26,1.9046,3264.1000,-0.0200
2023-04-27,1.9044,3285.8800,0.6700
2023-04-28,1.9060,3323.2700,1.1400
2023-05-04,1.9046,3350.4600,0.8200
2023-05-05,1.9052,3334.5000,-0.4800
2023-05-08,1.9073,3395.0000,1.8100
2023-05-09,1.9083,3357.6700,-1.1000
2023-05-10,1.9138,3319.1500,-1.1500
2023-05-11,1.9139,3309.5500,-0.2900
2023-05-12,1.9152,3272.3600,-1.1200
2023-05-15,1.9193,3310.7400,1.1700
2023-05-16,1.9159,3290.9900,-0.6000
2023-05-17,1.9176,3284.2300,-0.2100
2023-05-18,1.9157,3297.3200,0.4000
2023-05-19,1.9135,3283.5400,-0.4200
2023-05-22,1.9176,3296.4700,0.3900
2023-05-23,1.9097,3246.2400,-1.5200
2023-05-24,1.9052,3204.7500,-1.2800
2023-05-25,1.8956,3201.2600,-0.1100
2023-05-29,1.8970,3221.4500,0.2800
2023-05-30,1.8977,3224.2100,0.0900
2023-05-31,1.8939,3204.5600,-0.6100
2023-06-01,1.8921,3204.6300,0.0000
2023-06-02,1.9006,3230.0700,0.7900
2023-06-05,1.8994,3232.4400,0.0700
2023-06-06,1.8983,3195.3400,-1.1500
2023-06-07,1.9008,3197.7600,0.0800
2023-06-08,1.9038,3213.5900,0.4900
2023-06-09,1.9024,3231.4100,0.5500
2023-06-12,1.8994,3228.8300,-0.0800
2023-06-13,1.8992,3233.6700,0.1500
2023-06-14,1.8970,3228.9900,-0.1400
2023-06-15,1.9062,3252.9800,0.7400
2023-06-16,1.9167,3273.3300,0.6300
2023-06-19,1.9153,3255.8100,-0.5400
2023-06-20,1.9170,3240.3600,-0.4700
2023-06-21,1.9164,3197.9000,-1.3100
2023-06-26,1.9185,3150.6200,-1.4800
2023-06-27,1.9159,3189.4400,1.2300
2023-06-28,1.9119,3189.3800,0.0000
2023-06-29,1.9042,3182.3800,-0.2200
2023-06-30,1.9079,3202.0600,0.6200
2023-07-03,1.9106,3243.9800,1.3100
2023-07-04,1.9087,3245.3500,0.0400
2023-07-05,1.9046,3222.9500,-0.6900
2023-07-06,1.9033,3205.5700,-0.5400
2023-07-07,1.8988,3196.6100,-0.2800
2023-07-10,1.9000,3203.7000,0.2200
2023-07-11,1.9035,3221.3700,0.5500
2023-07-12,1.9040,3196.1300,-0.7800
2023-07-13,1.9176,3236.4800,1.2600
2023-07-14,1.9186,3237.7000,0.0400
2023-07-18,1.9098,3197.8200,-0.3700
2023-07-19,1.9049,3198.8400,0.0300
2023-07-20,1.9053,3169.5200,-0.9200
2023-07-21,1.9111,3167.7500,-0.0600
2023-07-24,1.9059,3164.1600,-0.1100
2023-07-25,1.9249,3231.5200,2.1300
2023-07-26,1.9254,3223.0300,-0.2600
2023-07-27,1.9292,3216.6700,-0.2000
2023-07-28,1.9456,3275.9300,1.8400
2023-07-31,1.9549,3291.0400,0.4600
2023-08-01,1.9598,3290.9500,0.0000
2023-08-02,1.9548,3261.6900,-0.8900
2023-08-03,1.9553,3280.4600,0.5800
2023-08-04,1.9581,3288.0800,0.2300
2023-08-07,1.9556,3268.8300,-0.5900
2023-08-08,1.9487,3260.6200,-0.2500
2023-08-09,1.9474,3244.4900,-0.4900
2023-08-10,1.9448,3254.5600,0.3100
2023-08-11,1.9325,3189.2500,-2.0100
2023-08-14,1.9278,3178.4300,-0.3400
2023-08-15,1.9180,3176.1800,-0.0700
2023-08-16,1.9134,3150.1300,-0.8200
2023-08-17,1.9119,3163.7400,0.4300
2023-08-18,1.9034,3131.9500,-1.0000
2023-08-21,1.8969,3092.9800,-1.2400
2023-08-22,1.8906,3120.3300,0.8800
2023-08-23,1.8801,3078.4000,-1.3400
2023-08-24,1.8833,3082.2400,0.1200
2023-08-25,1.8809,3064.0700,-0.5900
2023-08-28,1.8727,3098.6400,1.1300
2023-08-29,1.8720,3135.8900,1.2000
2023-08-30,1.8695,3137.1400,0.0400
2023-08-31,1.8653,3119.8800,-0.5500
2023-09-04,1.8721,3177.0600,1.4000
2023-09-05,1.8675,3154.3700,-0.7100
2023-09-06,1.8676,3158.0800,0.1200
2023-09-07,1.8605,3122.3500,-1.1300
2023-09-11,1.8627,3142.7800,0.8400
2023-09-12,1.8608,3137.0600,-0.1800
2023-09-13,1.8542,3123.0700,-0.4500
2023-09-14,1.8477,3126.5500,0.1100
2023-09-15,1.8453,3117.7400,-0.2800
2023-09-18,1.8481,3125.9300,0.2600
2023-09-19,1.8457,3124.9600,-0.0300
2023-09-20,1.8422,3108.5700,-0.5200
2023-09-21,1.8378,3084.7000,-0.7700
2023-09-22,1.8453,3132.4300,1.5500
2023-09-25,1.8373,3115.6100,-0.5400
2023-09-26,1.8310,3102.2700,-0.4300
2023-09-27,1.8328,3107.3200,0.1600
2023-09-28,1.8278,3110.4800,0.1000
2023-10-09,1.8203,3096.9200,-0.4400
2023-10-10,1.8149,3075.2400,-0.7000
2023-10-11,1.8145,3078.9600,0.1200
2023-10-12,1.8211,3107.9000,0.9400
2023-10-13,1.8146,3088.1000,-0.6400
2023-10-16,1.8082,3073.8100,-0.4600
2023-10-17,1.8051,3083.5000,0.3200
2023-10-18,1.8040,3058.7100,-0.8000
2023-10-19,1.7922,3005.3900,-1.7400
2023-10-20,1.7906,2983.0600,-0.7400
2023-10-24,1.7856,2962.2400,0.7800
2023-10-25,1.7843,2974.1100,0.4000
2023-10-26,1.7855,2988.3000,0.4800
2023-10-27,1.7902,3017.7800,0.9900
2023-10-30,1.7878,3021.5500,0.1200
2023-10-31,1.7830,3018.7700,-0.0900
2023-11-01,1.7809,3023.0800,0.1400
2023-11-02,1.7836,3009.4100,-0.4500
2023-11-03,1.7907,3030.8000,0.7100
2023-11-06,1.7960,3058.4100,0.9100
2023-11-07,1.7914,3057.2700,-0.0400
2023-11-08,1.7877,3052.3700,-0.1600
2023-11-09,1.7876,3053.2800,0.0300
2023-11-10,1.7828,3038.9700,-0.4700
2023-11-13,1.7813,3046.5300,0.2500
2023-11-14,1.7792,3056.0700,0.3100
2023-11-15,1.7828,3072.8300,0.5500
2023-11-16,1.7806,3050.9300,-0.7100
2023-11-17,1.7778,3054.3700,0.1100
2023-11-20,1.7792,3068.3200,0.4600
2023-11-21,1.7793,3067.9300,-0.0100
2023-11-22,1.7758,3043.6100,-0.7900
2023-11-23,1.7808,3061.8600,0.6000
2023-11-24,1.7746,3040.9700,-0.6800
2023-11-27,1.7750,3031.7000,-0.3000
2023-11-28,1.7778,3038.5500,0.2300
2023-11-29,1.7727,3021.6900,-0.5600
2023-11-30,1.7812,3029.6700,0.2600
2023-12-01,1.7762,3031.6400,0.0600
2023-12-04,1.7748,3022.9100,-0.2900
2023-12-05,1.7673,2972.3000,-1.6700
2023-12-06,1.7696,2968.9300,-0.1100
2023-12-07,1.7700,2966.2100,-0.0900
2023-12-08,1.7704,2969.5600,0.1100
2023-12-11,1.7672,2991.4400,0.7400
2023-12-12,1.7622,3003.4400,0.4000
2023-12-13,1.7526,2968.7600,-1.1500
2023-12-14,1.7560,2958.9900,-0.3300
2023-12-15,1.7519,2942.5600,-0.5600
2023-12-18,1.7546,2930.8000,-0.4000
2023-12-19,1.7525,2932.3900,0.0500
2023-12-20,1.7509,2902.1100,-1.0300
2023-12-21,1.7521,2918.7100,0.5700
2023-12-22,1.7496,2914.7800,-0.1300
2023-12-27,1.7553,2914.6100,0.5400
2023-12-28,1.7689,2954.7000,1.3800
2023-12-29,1.7683,2974.9300,0.6800
2024-01-02,1.7630,2962.2800,-0.4300
2024-01-03,1.7647,2967.2500,0.1700
2024-01-04,1.7608,2954.3500,-0.4300
2024-01-05,1.7628,2929.1800,-0.8500
2024-01-08,1.7584,2887.5400,-1.4200
2024-01-09,1.7584,2893.2500,0.2000
2024-01-10,1.7591,2877.7000,-0.5400
2024-01-11,1.7634,2886.6500,0.3100
2024-01-12,1.7603,2881.9800,-0.1600
2024-01-15,1.7600,2886.2900,0.1500
2024-01-16,1.7558,2893.9900,0.2700
2024-01-17,1.7428,2833.6200,-2.0900
2024-01-18,1.7421,2845.7800,0.4300
2024-01-19,1.7368,2832.2800,-0.4700
2024-01-22,1.7379,2756.3400,-2.6800
2024-01-23,1.7417,2770.9800,0.5300
2024-01-24,1.7411,2820.7700,1.8000
2024-01-25,1.7474,2906.1100,3.0300
2024-01-26,1.7489,2910.2200,0.1400
2024-01-29,1.7484,2883.3600,-0.9200
2024-01-30,1.7501,2830.5300,-1.8300
2024-01-31,1.7538,2788.5500,-1.4800
2024-02-01,1.7565,2770.7400,-0.6400
2024-02-02,1.7589,2730.1500,-1.4600
2024-02-05,1.7601,2702.1900,-1.0200
2024-02-06,1.7727,2789.4900,3.2300
2024-02-07,1.7744,2829.7000,1.4400
2024-02-08,1.7750,2865.9000,1.2800
2024-02-19,1.7686,2910.5400,1.5600
2024-02-20,1.7685,2922.7300,0.4200
2024-02-21,1.7821,2950.9600,0.9700
2024-02-22,1.7858,2988.3600,1.2700
2024-02-23,1.7857,3004.8800,0.5500
2024-02-26,1.7843,2977.0200,-0.9300
2024-02-27,1.7966,3015.4800,1.2900
2024-02-28,1.7979,2957.8500,-1.9100
2024-02-29,1.8145,3015.1700,1.9400
2024-03-01,1.8092,3027.0200,0.3900
2024-03-04,1.8021,3039.3100,0.4100
2024-03-05,1.8037,3047.7900,0.2800
2024-03-06,1.8022,3039.9300,-0.2600
2024-03-07,1.8001,3027.4000,-0.4100
2024-03-08,1.8061,3046.0200,0.6100
2024-03-11,1.8164,3068.4600,0.7400
2024-03-12,1.8206,3055.9400,-0.4100
2024-03-13,1.8222,3043.8300,-0.4000
2024-03-14,1.8286,3038.2300,-0.1800
2024-03-15,1.8389,3054.6400,0.5400
2024-03-18,1.8417,3084.9300,0.9900
2024-03-19,1.8347,3062.7600,-0.7200
2024-03-20,1.8403,3079.6900,0.5500
2024-03-21,1.8343,3077.1100,-0.0800
2024-03-22,1.8311,3048.0300,-0.9500
2024-03-25,1.8367,3026.3100,-0.7100
2024-03-26,1.8414,3031.4800,0.1700
2024-03-27,1.8342,2993.1400,-1.2600
2024-03-28,1.8365,3010.6600,0.5900
2024-04-02,1.8349,3074.9600,-0.0800
2024-04-03,1.8326,3069.3000,-0.1800
2024-04-08,1.8296,3047.0500,-0.7200
2024-04-09,1.8306,3048.5400,0.0500
2024-04-10,1.8265,3027.3300,-0.7000
2024-04-11,1.8285,3034.2500,0.2300
2024-04-12,1.8212,3019.4700,-0.4900
2024-04-15,1.8293,3057.3800,1.2600
2024-04-16,1.8265,3007.0700,-1.6500
2024-04-17,1.8262,3071.3800,2.1400
2024-04-18,1.8210,3074.2200,0.0900
2024-04-19,1.8145,3065.2600,-0.2900
2024-04-22,1.8159,3044.6000,-0.6700
2024-04-23,1.8129,3021.9800,-0.7400
2024-04-24,1.8175,3044.8200,0.7600
2024-04-25,1.8178,3052.9000,0.2700
2024-04-26,1.8403,3088.6400,1.1700
2024-04-29,1.8512,3113.0400,0.7900
2024-04-30,1.8425,3104.8200,-0.2600
2024-05-06,1.8519,3140.7200,1.1600
2024-05-07,1.8497,3147.7400,0.2200
2024-05-08,1.8457,3128.4800,-0.6100
2024-05-09,1.8537,3154.3200,0.8300
2024-05-10,1.8474,3154.5500,0.0100
2024-05-13,1.8428,3148.0200,-0.2100
2024-05-14,1.8361,3145.7700,-0.0700
2024-05-16,1.8422,3122.4000,0.0800
2024-05-17,1.8561,3154.0300,1.0100
2024-05-20,1.8615,3171.1500,0.5400
2024-05-21,1.8595,3157.9700,-0.4200
2024-05-22,1.8643,3158.5400,0.0200
2024-05-23,1.8610,3116.3900,-1.3300
2024-05-24,1.8570,3088.8700,-0.8800
2024-05-27,1.8597,3124.0400,1.1400
2024-05-28,1.8547,3109.5700,-0.4600
2024-05-29,1.8581,3111.0200,0.0500
2024-05-30,1.8591,3091.6800,-0.6200
2024-05-31,1.8513,3086.8100,-0.1600
2024-06-03,1.8529,3078.4900,-0.2700
2024-06-04,1.8562,3091.2000,0.4100
2024-06-05,1.8506,3065.4000,-0.8300
2024-06-06,1.8573,3048.7900,-0.5400
2024-06-07,1.8566,3051.2800,0.0800
2024-06-11,1.8491,3028.0500,-0.7600
2024-06-12,1.8458,3037.4700,0.3100
2024-06-13,1.8395,3028.9200,-0.2800
2024-06-14,1.8348,3032.6300,0.1200
2024-06-17,1.8315,3015.8900,-0.5500
2024-06-18,1.8291,3030.2500,0.4800
2024-06-19,1.8219,3018.0500,-0.4000
2024-06-20,1.8186,3005.4400,-0.4200
2024-06-21,1.8186,2998.1400,-0.2400
2024-06-24,1.8182,2963.1000,-1.1700
2024-06-25,1.8149,2950.0000,-0.4400
2024-06-26,1.8129,2972.5300,0.7600
2024-06-27,1.8019,2945.8500,-0.9000
2024-06-28,1.8069,2967.4000,0.7300
2024-07-02,1.8014,2997.0100,0.0800
2024-07-03,1.7999,2982.3800,-0.4900
2024-07-04,1.7960,2957.5700,-0.8300
2024-07-05,1.7929,2949.9300,-0.2600
2024-07-08,1.7907,2922.4500,-0.9300
2024-07-09,1.8048,2959.3700,1.2600
2024-07-10,1.8031,2939.3600,-0.6800
2024-07-11,1.8061,2970.3900,1.0600
2024-07-12,1.8088,2971.3000,0.0300
2024-07-15,1.8059,2974.0100,0.0900
2024-07-16,1.8030,2976.3000,0.0800
2024-07-17,1.7941,2962.8500,-0.4500
2024-07-18,1.7955,2977.1300,0.4800
2024-07-19,1.7895,2982.3100,0.1700
2024-07-22,1.7915,2964.2200,-0.6100
2024-07-23,1.7873,2915.3700,-1.6500
2024-07-24,1.7850,2901.9500,-0.4600
2024-07-25,1.7784,2886.7400,-0.5200
2024-07-26,1.7781,2890.9000,0.1400
2024-07-29,1.7731,2891.8500,0.0300
2024-07-30,1.7707,2879.3000,-0.4300
2024-07-31,1.7902,2938.7500,2.0600
2024-08-01,1.7845,2932.3900,-0.2200
2024-08-02,1.7813,2905.3400,-0.9200
2024-08-05,1.7816,2860.7000,-1.5400
2024-08-06,1.7754,2867.2800,0.2300
2024-08-07,1.7732,2869.8300,0.0900
2024-08-08,1.7743,2869.9000,0.0000
2024-08-09,1.7666,2862.1900,-0.2700
2024-08-12,1.7658,2858.2000,-0.1400
2024-08-13,1.7633,2867.9500,0.3400
2024-08-14,1.7561,2850.6500,-0.6000
2024-08-15,1.7683,2877.3600,0.9400
2024-08-16,1.7615,2879.4300,0.0700
2024-08-19,,2893.6700,0.4900
2024-08-20,,2866.6600,-0.9300
2024-08-21,,2856.5800,-0.3500
2024-08-22,,2848.7700,-0.2700
2024-08-23,,2854.3700,0.2000
2024-08-26,,2855.5200,0.0400
2024-08-27,,2848.7300,-0.2400
2024-08-28,,2837.4300,-0.4000
2024-08-29,,2823.1100,-0.5000
2024-08-30,,2842.2100,0.6800
2024-09-02,,2811.0400,-1.1000
2024-09-03,,2802.9800,-0.2900
2024-09-04,,2784.2800,-0.6700
2024-09-05,,2788.3100,0.1400
2024-09-09,,2736.4900,-1.0600
2024-09-10,,2744.1900,0.2800
2024-09-11,,2721.8000,-0.8200
2024-09-12,,2717.1200,-0.1700
2024-09-13,,2704.0900,-0.4800
2024-09-19,,2736.0200,0.6900
2024-09-20,,2736.8100,0.0300
2024-09-23,,2748.9200,0.4400
2024-09-24,,2863.1300,4.1500
2024-09-25,,2896.3100,1.1600
2024-09-26,,3000.9500,3.6100
2024-09-27,,3087.5300,2.8800
2024-09-30,,3336.5000,8.0600
2024-10-08,,3489.7800,4.5900
2024-10-09,,3258.8600,-6.6200
2024-10-10,,3301.9300,1.3200
2024-10-14,,3284.3200,2.0700
2024-10-15,,3201.2900,-2.5300
2024-10-16,,3202.9500,0.0500
2024-10-17,,3169.3800,-1.0500
2024-10-18,,3261.5600,2.9100
2024-10-21,,3268.1100,0.2000
2024-10-22,,3285.8700,0.5400
2024-10-23,,3302.8000,0.5200
2024-10-24,,3280.2600,-0.6800
2024-10-25,,3299.7000,0.5900
2024-10-28,,3322.2000,0.6800
2024-10-29,,3286.4100,-1.0800
2024-10-30,,3266.2400,-0.6100
2024-10-31,,3279.8200,0.4200
2024-11-01,,3272.0100,-0.2400
2024-11-04,,3310.2100,1.1700
2024-11-05,,3386.9900,2.3200
2024-11-06,,3383.8100,-0.0900
2024-11-07,,3470.6600,2.5700
2024-11-08,,3452.3000,-0.5300
2024-11-11,,3470.0700,0.5100
2024-11-12,,3421.9700,-1.3900
2024-11-13,,3439.2800,0.5100
2024-11-14,,3379.8400,-1.7300
2024-11-15,,3330.7300,-1.4500
2024-11-18,,3323.8500,-0.2100
2024-11-19,,3346.0100,0.6700
2024-11-20,,3367.9900,0.6600
2024-11-21,,3370.4000,0.0700
2024-11-22,,3267.1900,-3.0600
2024-11-25,,3263.7600,-0.1100
2024-11-26,,3259.7600,-0.1200
2024-11-27,,3309.7800,1.5300
2024-11-28,,3295.7000,-0.4300
2024-11-29,,3326.4600,0.9300
2024-12-02,,3363.9800,1.1300
2024-12-03,,3378.8100,0.4400
2024-12-04,,3364.6500,-0.4200
2024-12-05,,3368.8600,0.1200
2024-12-06,,3404.0800,1.0500
2024-12-09,,3402.5300,-0.0500
2024-12-10,,3422.6600,0.5900
2024-12-11,,3432.4900,0.2900
2024-12-12,,3461.5000,0.8500
2024-12-13,,3391.8800,-2.0100
2024-12-16,,3386.3300,-0.1600
2024-12-17,,3361.4900,-0.7300
2024-12-18,,3382.2100,0.6200
2024-12-19,,3370.0300,-0.3600
2024-12-20,,3368.0700,-0.0600
2024-12-23,,3351.2600,-0.5000
2024-12-24,,3393.5300,1.2600
2024-12-27,,3400.1400,0.0600
2024-12-30,,3407.3300,0.2100
2024-12-31,,3351.7600,-1.6300
2025-01-02,,3262.5600,-2.6600
2025-01-03,,3211.4300,-1.5700
2025-01-06,,3206.9200,-0.1400
2025-01-07,,3229.6400,0.7100
2025-01-08,,3230.1700,0.0200
2025-01-09,,3211.3900,-0.5800
2025-01-10,,3168.5200,-1.3300
2025-01-13,,3160.7600,-0.2500
2025-01-14,,3240.9400,2.5400
2025-01-15,,3227.1200,-0.4300
2025-01-16,,3236.0300,0.2800
2025-01-17,,3241.8200,0.1800
2025-01-20,,3244.3800,0.0800
2025-01-21,,3242.6200,-0.0500
2025-01-22,,3213.6200,-0.8900
2025-01-23,,3230.1600,0.5100
2025-01-24,,3252.6300,0.7000
2025-01-27,,3250.6000,-0.0600
2025-02-05,,3229.4900,-0.6500
2025-02-06,,3270.6600,1.2700
2025-02-07,,3303.6700,1.0100
2025-02-10,,3322.1700,0.5600
2025-02-11,,3318.0600,-0.1200
2025-02-12,,3346.3900,0.8500
2025-02-13,,3332.4800,-0.4200
2025-02-14,,3346.7200,0.4300
2025-02-17,,3355.8300,0.2700
2025-02-18,,3324.4900,-0.9300
2025-02-19,,3351.5400,0.8100
2025-02-20,,3350.7800,-0.0200
2025-02-21,,3379.1100,0.8500
2025-02-24,,3373.0300,-0.1800
2025-02-25,,3346.0400,-0.8000
2025-02-26,,3380.2100,1.0200
2025-02-27,,3388.0600,0.2300
2025-02-28,,3320.9000,-1.9800
2025-03-03,,3316.9300,-0.1200
2025-03-04,,3324.2100,0.2200
2025-03-05,,3341.9600,0.5300
2025-03-06,,3381.1000,1.1700
2025-03-07,,3372.5500,-0.2500
2025-03-10,,3366.1600,-0.1900
2025-03-11,,3379.8300,0.4100
2025-03-12,,3371.9200,-0.2300
2025-03-13,,3358.7300,-0.3900
2025-03-14,,3419.5600,1.8100
2025-03-17,,3426.1300,0.1900
2025-03-18,,3429.7600,0.1100
2025-03-19,,3426.4300,-0.1000
2025-03-20,,3408.9500,-0.5100
2025-03-21,,3364.8300,-1.2900
2025-03-24,,3370.0300,0.1500
2025-03-25,,3369.9800,0.0000
2025-03-26,,3368.7000,-0.0400
2025-03-27,,3373.7500,0.1500
2025-03-28,,3351.3100,-0.6700
2025-03-31,,3335.7500,-0.4600
2025-04-01,,3348.4400,0.3800
2025-04-02,,3350.1300,0.0500
2025-04-03,,3342.0100,-0.2400
2025-04-07,,3096.5800,-7.3400
2025-04-08,,3145.5500,1.5800
2025-04-09,,3186.8100,1.3100
2025-04-10,,3223.6400,1.1600
2025-04-11,,3238.2300,0.4500
2025-04-14,,3262.8100,0.7600
2025-04-15,,3267.6600,0.1500
2025-04-16,,3276.0000,0.2600
2025-04-17,,3280.3400,0.1300
2025-04-22,,3299.7600,0.2500
2025-04-23,,3296.3600,-0.1000
2025-04-24,,3297.2900,0.0300
2025-04-25,,3295.0600,-0.0700
2025-04-28,,3288.4100,-0.2000
2025-04-29,,3286.6500,-0.0500
2025-04-30,,3279.0300,-0.2300
2025-05-06,,3316.1100,1.1300
2025-05-07,,3342.6700,0.8000
2025-05-08,,3352.0000,0.2800
2025-05-09,,3342.0000,-0.3000
2025-05-12,,3369.2400,0.8200
2025-05-13,,3374.8700,0.1700
2025-05-14,,3403.9500,0.8600
2025-05-15,,3380.8200,-0.6800
2025-05-16,,3367.4600,-0.4000
2025-05-19,,3367.5800,0.0000
2025-05-20,,3380.4800,0.3800
2025-05-21,,3387.5700,0.2100
2025-05-22,,3380.1900,-0.2200
2025-05-23,,3348.3700,-0.9400
2025-05-26,,3346.8400,-0.0500
2025-05-27,,3340.6900,-0.1800
2025-05-28,,3339.9300,-0.0200
2025-05-29,,3363.4500,0.7000
2025-05-30,,3347.4900,-0.4700
2025-06-03,,3361.9800,0.4300
2025-06-04,,3376.2000,0.4200
2025-06-05,,3384.1000,0.2300
2025-06-06,,3385.3600,0.0400
2025-06-09,,3399.7700,0.4300
2025-06-10,,3384.8200,-0.4400
2025-06-11,,3402.3200,0.5200
2025-06-12,,3402.6600,0.0100
2025-06-13,,3377.0000,-0.7500
2025-06-16,,3388.7300,0.3500
2025-06-17,,3387.4000,-0.0400
2025-06-18,,3388.8100,0.0400
2025-06-19,,3362.1100,-0.7900
2025-06-20,,3359.9000,-0.0700
2025-06-23,,3381.5800,0.6500
2025-06-24,,3420.5700,1.1500
2025-06-25,,3455.9700,1.0400
2025-06-26,,3448.4500,-0.2200
2025-06-27,,3424.2300,-0.7000
2025-06-30,,3444.4300,0.5900
2025-07-02,,3454.7900,-0.0900
2025-07-03,,3461.1500,0.1800
2025-07-04,,3472.3200,0.3200
2025-07-07,,3473.1300,0.0200
2025-07-08,,3497.4800,0.7000
2025-07-09,,3493.0500,-0.1300
2025-07-10,,3509.6800,0.4800
2025-07-11,,3510.1800,0.0100
2025-07-14,,3519.6500,0.2700
2025-07-15,,3505.0000,-0.4200
2025-07-16,,3503.7800,-0.0300
2025-07-17,,3516.8300,0.3700
2025-07-18,,3534.4800,0.5000
2025-07-21,,3559.7900,0.7200
2025-07-22,,3581.8600,0.6200
2025-07-23,,3582.3000,0.0100
2025-07-24,,3605.7300,0.6500
2025-07-25,,3593.6600,-0.3300
2025-07-28,,3597.9400,0.1200
2025-07-29,,3609.7100,0.3300
2025-07-30,,3615.7200,0.1700
2025-07-31,,3573.2100,-1.1800
2025-08-01,,3559.9500,-0.3700
2025-08-04,,3583.3100,0.6600
2025-08-05,,3617.6000,0.9600
2025-08-06,,3633.9900,0.4500
2025-08-07,,3639.6700,0.1600
2025-08-08,,3635.1300,-0.1200
2025-08-11,,3647.5500,0.3400
2025-08-12,,3665.9200,0.5000
2025-08-13,,3683.4600,0.4800
2025-08-14,,3666.4400,-0.4600
2025-08-15,,3696.7700,0.8300
2025-08-18,,3728.0300,0.8500
2025-08-19,,3727.2900,-0.0200
2025-08-20,,3766.2100,1.0400
2025-08-21,,3771.1000,0.1300
2025-08-22,,3825.7600,1.4500
2025-08-25,,3883.5600,1.5100
2025-08-26,,3868.3800,-0.3900
2025-08-27,,3800.3500,-1.7600
2025-08-28,,3843.6000,1.1400
2025-08-29,,3857.9300,0.3700
2025-09-01,,3875.5300,0.4600
2025-09-02,,3858.1300,-0.4500
2025-09-03,,3813.5600,-1.1600
2025-09-04,,3765.8800,-1.2500
2025-09-05,,3812.5100,1.2400
2025-09-08,,3826.8400,0.3800
2025-09-09,,3807.2900,-0.5100
2025-09-10,,3812.2200,0.1300
2025-09-11,,3875.3100,1.6500
2025-09-12,,3870.6000,-0.1200
2025-09-15,,3860.5000,-0.2600
2025-09-16,,3861.8700,0.0400
2025-09-17,,3876.3400,0.3700
2025-09-18,,3831.6600,-1.1500
2025-09-19,,3820.0900,-0.3000
2025-09-22,,3828.5800,0.2200
2025-09-23,,3821.8300,-0.1800
2025-09-24,,3853.6400,0.8300
2025-09-25,,3853.3000,-0.0100
2025-09-26,,3828.1100,-0.6500
2025-09-29,,3862.5300,0.9000
2025-09-30,,3882.7800,0.5200
2025-10-09,,3933.9700,1.3200
2025-10-10,,3897.0300,-0.9400
2025-10-13,,3889.5000,-0.1900
2025-10-14,,3865.2300,-0.6200
2025-10-15,,3912.2100,1.2200
2025-10-16,,3916.2300,0.1000
2025-10-17,,3839.7600,-1.9500
2025-10-20,,3863.8900,0.6300
2025-10-21,,3916.3300,1.3600
2025-10-22,,3913.7600,-0.0700
2025-10-23,,3922.4100,0.2200
2025-10-24,,3950.3100,0.7100
2025-10-27,,3996.9400,1.1800
2025-10-28,,3988.2200,-0.2200
2025-10-30,,3986.9000,-0.7300
2025-10-31,,3954.7900,-0.8100
2025-11-03,,3976.5200,0.5500
2025-11-04,,3960.1900,-0.4100
2025-11-05,,3969.2500,0.2300
2025-11-06,,4007.7600,0.9700
2025-11-07,,3997.5600,-0.2500
2025-11-10,,4018.6000,0.5300
2025-11-11,,4002.7600,-0.3900
2025-11-12,,4000.1400,-0.0700
2025-11-13,,4029.5000,0.7300
2025-11-14,,3990.4900,-0.9700
2025-11-17,,3972.0300,-0.4600
2025-11-18,,3939.8100,-0.8100
2025-11-19,,3946.7400,0.1800
2025-11-20,,3931.0500,-0.4000
2025-11-21,,3834.8900,-2.4500
2025-11-24,,3836.7700,0.0500
2025-11-25,,3870.0200,0.8700
2025-11-26,,3864.1800,-0.1500
2025-11-27,,3875.2600,0.2900
2025-11-28,,3888.6000,0.3400
2025-12-01,,3914.0100,0.6500
2025-12-02,,3897.7100,-0.4200
2025-12-03,,3878.0000,-0.5100
2025-12-04,,3875.7900,-0.0600
2025-12-05,,3902.8100,0.7000
2025-12-08,,3924.0800,0.5400
2025-12-09,,3909.5200,-0.3700
2025-12-10,,3900.5000,-0.2300
2025-12-11,,3873.3200,-0.7000
2025-12-12,,3889.3500,0.4100
2025-12-15,,3867.9200,-0.5500
2025-12-16,,3824.8100,-1.1100
2025-12-17,,3870.2800,1.1900
2025-12-18,,3876.3700,0.1600
2025-12-19,,3890.4500,0.3600
2025-12-22,,3917.3600,0.6900
2025-12-23,,3919.9800,0.0700
2025-12-24,,3940.9500,0.5300
2025-12-29,,3965.2800,0.0400
2025-12-30,,3965.1200,0.0000
2025-12-31,,3968.8400,0.0900
2026-01-05,,4023.4200,1.3800
2026-01-06,,4083.6700,1.5000
2026-01-07,,4085.7700,0.0500
2026-01-08,,4082.9800,-0.0700
2026-01-09,,4120.4300,0.9200
2026-01-12,,4165.2900,1.0900
2026-01-13,,4138.7600,-0.6400
2026-01-14,,4126.0900,-0.3100
2026-01-15,,4112.6000,-0.3300
2026-01-16,,4101.9100,-0.2600
2026-01-19,,4114.0000,0.2900
2026-01-20,,4113.6500,-0.0100
2026-01-21,,4116.9400,0.0800
2026-01-22,,4122.5800,0.1400
2026-01-23,,4136.1600,0.3300
2026-01-26,,4132.6100,-0.0900
2026-01-27,,4139.9000,0.1800
2026-01-28,,4151.2400,0.2700
2026-01-29,,4157.9800,0.1600
2026-01-30,,4117.9500,-0.9600
2026-02-02,,4015.7500,-2.4800
2026-02-03,,4067.7400,1.2900
2026-02-04,,4102.2000,0.8500
2026-02-05,,4075.9200,-0.6400
2026-02-06,,4065.5800,-0.2500
2026-02-09,,4123.0900,1.4100
2026-02-10,,4128.3700,0.1300
2026-02-11,,4131.9800,0.0900
2026-02-12,,4134.0200,0.0500
2026-02-13,,4082.0700,-1.2600
2026-02-24,,4117.4100,0.8700
2026-02-25,,4147.2300,0.7200
2026-02-26,,4146.6300,-0.0100
2026-02-27,,4162.8800,0.3900
2026-03-02,,4182.5900,0.4700
2026-03-03,,4122.6800,-1.4300
2026-03-04,,4082.4700,-0.9800
2026-03-05,,4108.5700,0.6400
2026-03-06,,4124.1900,0.3800
2026-03-09,,4096.6000,-0.6700
2026-03-10,,4123.1400,0.6500
2026-03-11,,4133.4300,0.2500
2026-03-12,,4129.1000,-0.1000
2026-03-13,,4095.4500,-0.8200
2026-03-16,,4084.7900,-0.2600
2026-03-17,,4049.9100,-0.8500
2026-03-18,,4062.9800,0.3200
2026-03-19,,4006.5500,-1.3900
2026-03-20,,3957.0500,-1.2400
2026-03-23,,3813.2800,-3.6300
2026-03-24,,3881.2800,1.7800
2026-03-25,,3931.8400,1.3000
2026-03-26,,3889.0800,-1.0900
2026-03-27,,3913.7200,0.6300
2026-03-30,,3923.2900,0.2400
2026-03-31,,3891.8600,-0.8000
2026-04-01,,3948.5500,1.4600
2026-04-02,,3919.2900,-0.7400
2026-04-08,,3995.0000,2.6900
2026-04-09,,3966.1700,-0.7200
2026-04-10,,3986.2200,0.5100
2026-04-13,,3988.5600,0.0600
2026-04-14,,4026.6300,0.9500
2026-04-15,,4027.2100,0.0100
