date,net_buy,hs_index
2014-11-17,21.3208,23797.0800
2014-11-18,9.3716,23529.1700
2014-11-19,2.6592,23373.3100
2014-11-20,1.8736,23349.6400
2014-11-21,1.7453,23437.1200
2014-11-24,1.2375,23893.1400
2014-11-25,1.5890,23843.9100
2014-11-26,1.9981,24111.9800
2014-11-27,1.5569,24004.2800
2014-11-28,2.9349,23987.4500
2014-12-01,2.9601,23367.4500
2014-12-02,2.8899,23654.3000
2014-12-03,4.9591,23428.6200
2014-12-04,4.0836,23832.5600
2014-12-05,16.5097,24002.6400
2014-12-08,5.5282,24047.6700
2014-12-09,8.5031,23485.8300
2014-12-10,4.0220,23524.5200
2014-12-11,5.1486,23312.5400
2014-12-12,3.1107,23249.2000
2014-12-15,1.6863,23027.8500
2014-12-16,4.0925,22670.5000
2014-12-17,3.3327,22585.8400
2014-12-18,4.1297,22832.2100
2014-12-19,2.2743,23116.6300
2014-12-22,3.6857,23408.5700
2014-12-23,5.5139,23333.6900
2014-12-24,2.7646,23349.3400
2015-01-05,19.3574,23721.3200
2015-01-06,10.4646,23485.4100
2015-01-07,9.4060,23681.2600
2015-01-08,6.2125,23835.5300
2015-01-09,8.4583,23919.9500
2015-01-12,9.3783,24026.4600
2015-01-13,6.4572,24215.9700
2015-01-14,7.4810,24112.6000
2015-01-15,5.9814,24350.9100
2015-01-16,10.4511,24103.5200
2015-01-19,8.7133,23738.4900
2015-01-20,6.2791,23951.1600
2015-01-21,9.9085,24352.5800
2015-01-22,5.4947,24522.6300
2015-01-23,4.9983,24850.4500
2015-01-26,6.5131,24909.9000
2015-01-27,8.7694,24807.2800
2015-01-28,2.8484,24861.8100
2015-01-29,5.7588,24595.8500
2015-01-30,5.0821,24507.0500
2015-02-02,4.4089,24484.7400
2015-02-03,2.1343,24554.7800
2015-02-04,-0.7784,24679.7600
2015-02-05,0.5129,24765.4900
2015-02-06,-0.3094,24679.3900
2015-02-09,0.5330,24521.0000
2015-02-10,0.5231,24528.1000
2015-02-11,1.5884,24315.0200
2015-02-12,2.0399,24422.1500
2015-02-13,2.9277,24682.5400
2015-02-25,4.1097,24778.2800
2015-02-26,2.1462,24902.0600
2015-02-27,2.1263,24823.2900
2015-03-02,1.2831,24887.4400
2015-03-03,2.0609,24702.7800
2015-03-04,3.5526,24465.3800
2015-03-05,1.9999,24193.0400
2015-03-06,2.0291,24164.0000
2015-03-09,3.0991,24123.0500
2015-03-10,2.2411,23896.9800
2015-03-11,2.8653,23717.9700
2015-03-12,1.6885,23797.9600
2015-03-13,1.0612,23823.2100
2015-03-16,7.3823,23949.5500
2015-03-17,5.0011,23901.4900
2015-03-18,2.4185,24120.0800
2015-03-19,0.5199,24468.8900
2015-03-20,1.8989,24375.2400
2015-03-23,4.1431,24494.5100
2015-03-24,5.4326,24399.6000
2015-03-25,3.7418,24528.2300
2015-03-26,3.0140,24497.0800
2015-03-27,4.6194,24486.2000
2015-03-30,28.1296,24855.1200
2015-03-31,22.2008,24900.8900
2015-04-01,17.6582,25082.7500
2015-04-02,24.5086,25275.6400
2015-04-08,111.6366,26236.8600
2015-04-09,108.3478,26944.3900
2015-04-10,57.0283,27272.3900
2015-04-13,19.5801,28016.3400
2015-04-14,26.3611,27561.4900
2015-04-15,1.2228,27618.8200
2015-04-16,2.2417,27739.7100
2015-04-17,18.4802,27653.1200
2015-04-20,-1.9326,27094.9300
2015-04-21,5.5580,27850.4900
2015-04-22,21.7294,27933.8500
2015-04-23,49.3955,27827.7000
2015-04-24,6.6660,28060.9800
2015-04-27,17.3062,28433.5900
2015-04-28,8.9370,28442.7500
2015-04-29,9.2274,28400.3400
2015-04-30,22.7737,28133.0000
2015-05-04,10.7999,28123.8200
2015-05-05,6.1419,27755.5400
2015-05-06,5.1613,27640.9100
2015-05-07,0.5479,27289.9700
2015-05-08,-0.3703,27577.3400
2015-05-11,10.8739,27718.2000
2015-05-12,13.9199,27407.1800
2015-05-13,6.8674,27249.2800
2015-05-14,7.2257,27286.5500
2015-05-15,0.7875,27822.2800
2015-05-18,0.8200,27591.2500
2015-05-19,9.6184,27693.5400
2015-05-20,10.7757,27585.0500
2015-05-21,0.1150,27523.7200
2015-05-22,4.9705,27992.8300
2015-05-26,20.4053,28249.8600
2015-05-27,13.2421,28081.2100
2015-05-28,-2.7486,27454.3100
2015-05-29,7.7329,27424.1900
2015-06-01,12.4204,27597.1600
2015-06-02,6.5521,27466.7200
2015-06-03,5.1317,27657.4700
2015-06-04,2.1486,27551.8900
2015-06-05,12.4580,27260.1600
2015-06-08,7.0348,27316.2800
2015-06-09,10.8703,26989.5200
2015-06-10,10.2005,26687.6400
2015-06-11,11.1733,26907.8500
2015-06-12,8.1255,27280.5400
2015-06-15,4.9808,26861.8100
2015-06-16,6.3588,26566.7000
2015-06-17,5.9103,26753.7900
2015-06-23,-3.1802,27333.4600
2015-06-24,7.3416,27404.9700
2015-06-25,5.0403,27145.7500
2015-06-26,-13.9087,26663.8700
2015-06-29,-6.5652,25966.9800
2015-06-30,-3.5123,26250.0300
2015-07-02,-11.6904,26282.3200
2015-07-03,-17.5577,26064.1100
2015-07-06,-22.3195,25236.2800
2015-07-07,-23.3320,24975.3100
2015-07-08,-28.2280,23516.5600
2015-07-09,15.2078,24392.7900
2015-07-10,19.4730,24901.2800
2015-07-13,2.3399,25224.0100
2015-07-14,4.7238,25120.9100
2015-07-15,-13.0355,25055.7600
2015-07-16,1.7483,25162.7800
2015-07-17,-2.1199,25415.2700
2015-07-20,1.1062,25404.8100
2015-07-21,-0.8083,25536.4300
2015-07-22,5.1289,25282.6200
2015-07-23,2.9199,25398.8500
2015-07-24,3.3924,25128.5100
2015-07-27,-1.6892,24351.9600
2015-07-28,-0.1930,24503.9400
2015-07-29,4.9579,24619.4500
2015-07-30,0.3833,24497.9800
2015-07-31,-1.0497,24636.2800
2015-08-03,-0.4422,24411.4200
2015-08-04,2.7559,24406.1200
2015-08-05,0.1172,24514.1600
2015-08-06,-0.0107,24375.2800
2015-08-07,2.6715,24552.4700
2015-08-10,6.1963,24521.1200
2015-08-11,4.3410,24498.2100
2015-08-12,7.2793,23916.0200
2015-08-13,3.2456,24018.8000
2015-08-14,1.3893,23991.0300
2015-08-17,1.5286,23814.6500
2015-08-18,-3.5351,23474.9700
2015-08-19,-0.7362,23167.8500
2015-08-20,3.9308,22757.4700
2015-08-21,2.4583,22409.6200
2015-08-24,-4.5667,21251.5700
2015-08-25,-6.0117,21404.9600
2015-08-26,-3.1851,21080.3900
2015-08-27,0.1138,21838.5400
2015-08-28,2.4797,21612.3900
2015-08-31,1.7286,21670.5800
2015-09-07,6.5405,20583.5200
2015-09-08,3.7891,21259.0400
2015-09-09,1.7319,22131.3100
2015-09-10,1.7919,21562.5000
2015-09-11,2.7499,21504.3700
2015-09-14,-1.2515,21561.9000
2015-09-15,-0.8671,21455.2300
2015-09-16,0.8678,21966.6600
2015-09-17,0.4502,21854.6300
2015-09-18,-0.3842,21920.8300
2015-09-21,3.5193,21756.9300
2015-09-22,1.7738,21796.5800
2015-09-23,5.9592,21302.9100
2015-09-24,5.0915,21095.9800
2015-09-25,3.2984,21186.3200
2015-10-08,-10.2590,22354.9100
2015-10-09,-2.4533,22458.8000
2015-10-12,0.5672,22730.9300
2015-10-13,0.4192,22600.4600
2015-10-14,0.0119,22439.9100
2015-10-15,-1.0924,22888.1700
2015-10-16,2.0078,23067.3700
2015-10-19,0.8686,23075.6100
2015-10-20,1.7016,22989.2200
2015-10-22,1.2837,22845.3700
2015-10-23,0.8594,23151.9400
2015-10-26,-1.4466,23116.2500
2015-10-27,-3.5836,23142.7300
2015-10-28,0.9070,22956.5700
2015-10-29,1.5627,22819.9400
2015-10-30,2.1877,22640.0400
2015-11-02,1.6023,22370.0400
2015-11-03,-0.3032,22568.4300
2015-11-04,3.4754,23053.5700
2015-11-05,5.0531,23051.0400
2015-11-06,6.2634,22867.3300
2015-11-09,5.6307,22726.7700
2015-11-10,4.8311,22401.7000
2015-11-11,4.9559,22352.1700
2015-11-12,-0.5966,22888.9200
2015-11-13,5.6312,22396.1400
2015-11-16,5.1327,22010.8200
2015-11-17,1.6203,22264.2500
2015-11-18,1.1901,22188.2600
2015-11-19,2.5803,22500.2200
2015-11-20,2.9656,22754.7200
2015-11-23,7.1622,22665.9000
2015-11-24,1.7849,22587.6300
2015-11-25,5.1012,22498.0000
2015-11-26,1.5615,22488.9400
2015-11-27,1.3215,22068.3200
2015-11-30,2.6950,21996.4200
2015-12-01,4.0252,22381.3500
2015-12-02,6.0268,22479.6900
2015-12-03,8.3249,22417.0100
2015-12-04,9.6807,22235.8900
2015-12-07,9.5794,22203.2200
2015-12-08,9.8953,21905.1300
2015-12-09,10.3989,21803.7600
2015-12-10,10.7133,21704.6100
2015-12-11,10.1276,21464.0500
2015-12-14,16.7896,21309.8500
2015-12-15,14.7694,21274.3700
2015-12-16,12.0785,21701.2100
2015-12-17,10.9541,21872.0600
2015-12-18,13.6127,21755.5600
2015-12-21,4.4411,21791.6800
2015-12-22,5.2905,21830.0200
2015-12-23,5.6403,22040.5900
2015-12-24,0.4877,22138.1300
2015-12-28,4.3521,21919.6200
2015-12-29,2.7666,21999.6200
2015-12-30,6.9277,21882.1500
2015-12-31,2.9695,21914.4000
2016-01-04,2.2395,21327.1200
2016-01-05,1.2867,21188.7200
2016-01-06,13.9199,20980.8100
2016-01-07,7.6223,20333.3400
2016-01-08,16.3441,20453.7100
2016-01-11,14.4893,19888.5000
2016-01-12,11.8584,19711.7600
2016-01-13,11.3562,19934.8800
2016-01-14,11.9958,19817.4100
2016-01-15,8.8731,19520.7700
2016-01-18,10.7588,19237.4500
2016-01-19,9.1246,19635.8100
2016-01-20,11.9793,18886.3000
2016-01-21,16.3281,18542.1500
2016-01-22,5.5045,19080.5100
2016-01-25,3.7762,19340.1400
2016-01-26,8.6226,18860.8000
2016-01-27,8.3079,19052.4500
2016-01-28,6.6505,19195.8300
2016-01-29,6.3399,19683.1100
2016-02-01,4.7477,19595.5000
2016-02-02,12.5381,19446.8400
2016-02-03,15.9908,18991.5900
2016-02-15,9.7941,18918.1400
2016-02-16,3.0950,19122.0800
2016-02-17,8.6525,18924.5700
2016-02-18,1.2611,19363.0800
2016-02-19,3.6611,19285.5000
2016-02-22,6.6957,19464.0900
2016-02-23,4.2997,19414.7800
2016-02-24,7.9024,19192.4500
2016-02-25,5.1151,18888.7500
2016-02-26,1.2319,19364.1500
2016-02-29,0.9337,19111.9300
2016-03-01,3.0825,19407.4600
2016-03-02,-0.5623,20003.4900
2016-03-03,-2.4498,19941.7600
2016-03-04,-2.6184,20176.7000
2016-03-07,1.8855,20159.7200
2016-03-08,7.1882,20011.5800
2016-03-09,9.3088,19996.2600
2016-03-10,5.1222,19984.4200
2016-03-11,6.7338,20199.6000
2016-03-14,7.0617,20435.3400
2016-03-15,0.9284,20288.7700
2016-03-16,6.3851,20257.7000
2016-03-17,0.9840,20503.8100
2016-03-18,2.7284,20671.6300
2016-03-21,3.1869,20684.1500
2016-03-22,1.4048,20666.7500
2016-03-23,4.4643,20615.2300
2016-03-24,3.5358,20345.6100
2016-03-29,3.0908,20366.3000
2016-03-30,1.7000,20803.3900
2016-03-31,2.8965,20776.7000
2016-04-01,-0.9504,20498.9200
2016-04-05,11.2484,20177.0000
2016-04-06,6.5422,20206.6700
2016-04-07,10.9438,20266.0500
2016-04-08,2.5465,20370.4000
2016-04-11,4.1953,20440.8100
2016-04-12,1.8007,20504.4400
2016-04-13,-7.9113,21158.7100
2016-04-14,-5.9413,21337.8100
2016-04-15,-1.7451,21316.4700
2016-04-18,0.8984,21161.5000
2016-04-19,-2.4428,21436.2100
2016-04-20,-5.3004,21236.3100
2016-04-21,-4.4945,21622.2500
2016-04-22,-0.1166,21467.0400
2016-04-25,0.6856,21304.4400
2016-04-26,2.2650,21407.2700
2016-04-27,1.0762,21361.6000
2016-04-28,2.1862,21388.0300
2016-04-29,4.0854,21067.0500
2016-05-03,12.3717,20676.9400
2016-05-04,15.1849,20525.8300
2016-05-05,14.5190,20449.8200
2016-05-06,18.4015,20109.8700
2016-05-09,12.4527,20156.8100
2016-05-10,11.8366,20242.6800
2016-05-11,8.3496,20055.2900
2016-05-12,6.5816,19915.4600
2016-05-13,12.6660,19719.2900
2016-05-16,7.8010,19883.9500
2016-05-17,27.7065,20118.8000
2016-05-18,10.3421,19826.4100
2016-05-19,10.0090,19694.3300
2016-05-20,6.9038,19852.2000
2016-05-23,9.5752,19809.0300
2016-05-24,11.9676,19830.4300
2016-05-25,12.2873,20368.0500
2016-05-26,14.3504,20397.1100
2016-05-27,12.2764,20576.7700
2016-05-30,13.3516,20629.3900
2016-05-31,19.1242,20815.0900
2016-06-01,15.3191,20760.9800
2016-06-02,13.1538,20859.2200
2016-06-03,13.8409,20947.2400
2016-06-06,14.7646,21030.2200
2016-06-13,15.5667,20512.9900
2016-06-14,17.9863,20387.5300
2016-06-15,24.3952,20467.5200
2016-06-16,20.4587,20038.4200
2016-06-17,22.1189,20169.9800
2016-06-20,19.3004,20510.2000
2016-06-21,25.4885,20668.4400
2016-06-22,35.2288,20795.1200
2016-06-23,27.7629,20868.3400
2016-06-24,60.9775,20259.1300
2016-06-27,42.3082,20227.3000
2016-06-28,32.4405,20172.4600
2016-06-29,22.1960,20436.1200
2016-06-30,16.2069,20794.3700
2016-07-04,7.8029,21059.2000
2016-07-05,13.8695,20750.7200
2016-07-06,21.5433,20495.2900
2016-07-07,10.9480,20706.9200
2016-07-08,16.4163,20564.1700
2016-07-11,8.8720,20880.5000
2016-07-12,7.8195,21224.7400
2016-07-13,9.6962,21322.3700
2016-07-14,2.7652,21561.0600
2016-07-15,5.1613,21659.2500
2016-07-18,5.7123,21803.1800
2016-07-19,2.7466,21673.2000
2016-07-20,-1.0052,21882.4800
2016-07-21,2.6565,22000.4900
2016-07-22,1.2671,21964.2700
2016-07-25,-5.8246,21993.4400
2016-07-26,-3.5669,22129.7300
2016-07-27,-7.2901,22218.9900
2016-07-28,2.2268,22174.3400
2016-07-29,-4.1226,21891.3700
2016-08-01,-4.4919,22129.1400
2016-08-03,5.2886,21739.1200
2016-08-04,3.5565,21832.2300
2016-08-05,1.3400,22146.0900
2016-08-08,-0.9628,22494.7600
2016-08-09,2.5243,22465.6100
2016-08-10,8.5280,22492.4300
2016-08-11,5.8788,22580.5500
2016-08-12,5.6756,22766.9100
2016-08-15,12.4063,22932.5100
2016-08-16,7.2612,22910.8400
2016-08-17,9.1790,22799.7800
2016-08-18,22.7889,23023.1600
2016-08-19,13.0355,22937.2200
2016-08-22,8.5554,22997.9100
2016-08-23,8.2754,22998.9300
2016-08-24,5.6095,22820.7800
2016-08-25,12.5391,22814.9500
2016-08-26,17.3040,22909.5400
2016-08-29,16.6634,22821.3400
2016-08-30,21.0805,23016.1100
2016-08-31,45.3034,22976.8800
2016-09-01,41.7392,23162.3400
2016-09-02,49.7939,23266.7000
2016-09-05,38.6640,23649.5500
2016-09-06,48.2088,23787.6800
2016-09-07,49.1891,23741.8100
2016-09-08,53.8717,23919.3400
2016-09-09,64.2745,24099.7000
2016-09-12,19.6658,23290.6000
2016-09-19,58.8686,23550.4500
2016-09-20,43.4275,23530.8600
2016-09-21,39.0061,23669.9000
2016-09-22,-5.6428,23759.8000
2016-09-23,1.1848,23686.4800
2016-09-26,30.9782,23317.9200
2016-09-27,37.1542,23571.9000
2016-09-28,19.4412,23619.6500
2016-10-11,13.2864,23549.5200
2016-10-12,6.6877,23407.0500
2016-10-13,4.0642,23031.3000
2016-10-14,1.8079,23233.3100
2016-10-17,-3.3171,23037.5400
2016-10-18,-2.6316,23394.3900
2016-10-19,-0.9037,23304.9700
2016-10-20,0.3475,23374.4000
2016-10-24,3.0027,23604.0800
2016-10-25,10.9157,23565.1100
2016-10-26,10.2527,23325.4300
2016-10-27,6.4393,23132.3500
2016-10-28,3.0001,22954.8100
2016-10-31,-11.5215,22934.5400
2016-11-01,-9.6910,23147.0700
2016-11-02,3.5453,22810.5000
2016-11-03,5.3473,22683.5100
2016-11-04,2.2384,22642.6200
2016-11-07,2.1822,22801.4000
2016-11-08,-0.9644,22909.4700
2016-11-09,43.1364,22415.1900
2016-11-10,5.1905,22839.1100
2016-11-11,11.9520,22531.0900
2016-11-14,22.5627,22222.2200
2016-11-15,19.4218,22323.9100
2016-11-16,12.8028,22280.5300
2016-11-17,14.4490,22262.8800
2016-11-18,13.3533,22344.2100
2016-11-21,16.3178,22357.7800
2016-11-22,12.8109,22678.0700
2016-11-23,10.5920,22676.6900
2016-11-24,6.1561,22608.4900
2016-11-25,4.2127,22723.4500
2016-11-28,2.2946,22830.5700
2016-11-29,-6.7877,22737.0700
2016-11-30,1.2835,22789.7700
2016-12-01,2.7270,22878.2300
2016-12-02,4.3923,22564.8200
2016-12-05,15.8422,22505.5500
2016-12-06,3.7701,22675.1500
2016-12-07,2.9155,22800.9200
2016-12-08,-20.0996,22861.8400
2016-12-09,-3.0778,22760.9800
2016-12-12,2.3435,22433.0200
2016-12-13,0.9218,22446.7000
2016-12-14,2.6000,22456.6200
2016-12-15,-3.6015,22059.4000
2016-12-16,4.9451,22020.7500
2016-12-19,8.1032,21832.6800
2016-12-20,8.1307,21729.0600
2016-12-21,17.2437,21809.8000
2016-12-22,18.1245,21636.2000
2016-12-23,31.5362,21574.7600
2016-12-28,45.8133,21754.7400
2016-12-29,38.7584,21790.9100
2016-12-30,63.2036,22000.5600
2017-01-03,10.6009,22150.4000
2017-01-04,6.1911,22134.4700
2017-01-05,6.5446,22456.6900
2017-01-06,3.3638,22503.0100
2017-01-09,13.1353,22558.6900
2017-01-10,6.6930,22744.8500
2017-01-11,5.2302,22935.3500
2017-01-12,4.4503,22829.0200
2017-01-13,15.9130,22937.3800
2017-01-16,10.5378,22718.1500
2017-01-17,14.8248,22840.9700
2017-01-18,17.7017,23098.2600
2017-01-19,12.2875,23049.9600
2017-01-20,12.5023,22885.9100
2017-01-23,17.2969,22898.5200
2017-01-24,35.3509,22949.8600
2017-02-03,30.7828,23129.2100
2017-02-06,20.1960,23348.2400
2017-02-07,23.3295,23331.5700
2017-02-08,14.4243,23485.1300
2017-02-09,9.6501,23525.1400
2017-02-10,29.3027,23574.9800
2017-02-13,29.3626,23710.9800
2017-02-14,29.3014,23703.0100
2017-02-15,27.9386,23994.8700
2017-02-16,21.2927,24107.7000
2017-02-17,0.8588,24033.7400
2017-02-20,10.1451,24146.0800
2017-02-21,11.7322,23963.6300
2017-02-22,49.2450,24201.9600
2017-02-23,28.5096,24114.8600
2017-02-24,5.2559,23965.7000
2017-02-27,14.5370,23925.0500
2017-02-28,9.8370,23740.7300
2017-03-01,-7.2030,23776.4900
2017-03-02,-2.8994,23728.0700
2017-03-03,11.5012,23552.7200
2017-03-06,3.6527,23596.2800
2017-03-07,11.5494,23681.0700
2017-03-08,12.1693,23782.2700
2017-03-09,15.9557,23501.5600
2017-03-10,6.9995,23568.6700
2017-03-13,23.3110,23829.6700
2017-03-14,18.7832,23827.9500
2017-03-15,24.5333,23792.8500
2017-03-16,19.7720,24288.2800
2017-03-17,27.3820,24309.9300
2017-03-20,33.6524,24501.9900
2017-03-21,32.6350,24593.1200
2017-03-22,7.2316,24320.4100
2017-03-23,11.1427,24327.7000
2017-03-24,4.6743,24358.2700
2017-03-27,-1.9337,24193.7000
2017-03-28,3.0865,24345.8700
2017-03-29,14.6088,24392.0500
2017-04-05,15.4958,24400.8000
2017-04-06,9.4019,24273.7200
2017-04-07,24.2799,24267.3000
2017-04-10,17.0826,24262.1800
2017-04-11,6.8630,24088.4600
2017-04-12,2.4848,24313.5000
2017-04-13,6.8168,24261.6600
2017-04-18,-3.6250,23924.5400
2017-04-19,-1.7319,23825.8800
2017-04-20,10.4391,24056.9800
2017-04-21,20.0206,24042.0200
2017-04-24,4.8486,24139.4800
2017-04-25,20.1111,24455.9400
2017-04-26,25.4351,24578.4300
2017-04-27,26.6379,24698.4800
2017-04-28,15.3509,24615.1300
2017-05-02,-4.3707,24696.1300
2017-05-04,12.9165,24683.8800
2017-05-05,21.8358,24476.3500
2017-05-08,13.6490,24577.9100
2017-05-09,12.9497,24889.0300
2017-05-10,27.8453,25015.4200
2017-05-11,22.3561,25125.5500
2017-05-12,21.2502,25156.3400
2017-05-15,23.3169,25371.5900
2017-05-16,31.8486,25335.9400
2017-05-17,26.3066,25293.6300
2017-05-18,35.2741,25136.5200
2017-05-19,28.1465,25174.8700
2017-05-22,24.1214,25391.3400
2017-05-23,23.1562,25403.1500
2017-05-24,9.6304,25428.5000
2017-05-31,5.5993,25660.6500
2017-06-01,27.6105,25809.2200
2017-06-02,16.7148,25924.0500
2017-06-05,-6.0223,25862.9900
2017-06-06,9.6337,25997.1400
2017-06-07,-2.3815,25974.1600
2017-06-08,5.1427,26063.0600
2017-06-09,15.9189,26030.2900
2017-06-12,-1.7415,25708.0400
2017-06-13,-11.0865,25852.1000
2017-06-14,-4.6206,25875.9000
2017-06-15,-1.6001,25565.3400
2017-06-16,6.1683,25626.4900
2017-06-19,7.5728,25924.5500
2017-06-20,10.4579,25843.0400
2017-06-21,9.4903,25694.5800
2017-06-22,18.4727,25674.5300
2017-06-23,-4.3157,25670.0500
2017-06-26,15.2249,25871.8900
2017-06-27,8.9857,25839.9900
2017-06-28,3.1862,25683.5000
2017-06-29,18.2770,25965.4200
2017-06-30,11.3341,25764.5800
2017-07-03,20.5472,25784.1700
2017-07-04,22.5163,25389.0100
2017-07-05,23.0121,25521.9700
2017-07-06,19.0805,25465.2200
2017-07-07,19.4889,25340.8500
2017-07-10,29.2602,25500.0600
2017-07-11,29.5333,25877.6400
2017-07-12,25.9585,26043.6400
2017-07-13,15.2479,26346.1700
2017-07-14,12.7571,26389.2300
2017-07-17,13.7563,26470.5800
2017-07-18,6.1578,26524.9400
2017-07-19,23.2785,26672.1600
2017-07-20,17.3410,26740.2100
2017-07-21,9.9431,26706.0900
2017-07-24,9.5456,26846.8300
2017-07-25,17.5246,26852.0500
2017-07-26,-3.3307,26941.0200
2017-07-27,-4.6528,27131.1700
2017-07-28,6.0368,26979.3900
2017-07-31,13.5440,27323.9900
2017-08-01,11.4345,27540.2300
2017-08-02,7.5358,27607.3800
2017-08-03,12.9540,27531.0100
2017-08-04,4.5299,27562.6800
2017-08-07,14.2992,27690.3600
2017-08-08,25.3767,27854.9100
2017-08-09,25.5083,27757.0900
2017-08-10,-1.0781,27444.0000
2017-08-11,-23.1180,26883.5100
2017-08-14,-7.2171,27250.2300
2017-08-15,-6.3039,27174.9600
2017-08-16,-10.3317,27409.0700
2017-08-17,-0.0792,27344.2200
2017-08-18,7.9015,27047.5700
2017-08-21,7.9822,27154.6800
2017-08-22,3.6929,27401.6700
2017-08-24,-0.9366,27518.6000
2017-08-25,-4.9288,27848.1600
2017-08-28,5.4934,27863.2900
2017-08-29,2.3933,27765.0100
2017-08-30,-3.5142,28094.6100
2017-08-31,7.0830,27970.3000
2017-09-01,13.9691,27953.1600
2017-09-04,16.1854,27740.2600
2017-09-05,13.2369,27741.3500
2017-09-06,17.0134,27613.7600
2017-09-07,31.7498,27522.9200
2017-09-08,14.8211,27668.4700
2017-09-11,3.7158,27955.1300
2017-09-12,16.9201,27972.2400
2017-09-13,19.7507,27894.0800
2017-09-14,14.0517,27777.2000
2017-09-15,-1.6229,27807.5900
2017-09-18,5.0891,28159.7700
2017-09-19,14.4266,28051.4100
2017-09-20,15.2164,28127.8000
2017-09-21,17.7929,28110.3300
2017-09-22,13.3388,27880.5300
2017-09-25,8.5341,27500.3400
2017-09-26,11.4021,27513.0100
2017-09-27,9.2083,27642.4300
2017-10-09,13.7920,28326.5900
2017-10-10,16.8164,28490.8300
2017-10-11,26.4866,28389.5700
2017-10-12,21.2922,28459.0300
2017-10-13,29.6723,28476.4300
2017-10-16,18.7722,28692.8000
2017-10-17,10.6246,28697.4900
2017-10-18,18.2075,28711.7600
2017-10-19,22.3756,28159.0900
2017-10-20,6.8469,28487.2400
2017-10-23,18.2693,28305.8800
2017-10-24,12.0192,28154.9700
2017-10-25,13.0563,28302.8900
2017-10-26,28.5009,28202.3800
2017-10-27,38.5468,28438.8500
2017-10-30,25.4858,28336.1900
2017-10-31,14.0601,28245.5400
2017-11-01,21.4207,28594.0600
2017-11-02,30.9005,28518.6400
2017-11-03,12.7821,28603.6100
2017-11-06,33.5316,28596.8000
2017-11-07,35.7521,28994.3400
2017-11-08,39.1708,28907.6000
2017-11-09,41.8580,29136.5700
2017-11-10,38.3502,29120.9200
2017-11-13,48.0381,29182.1800
2017-11-14,19.1621,29152.1200
2017-11-15,20.8278,28851.6900
2017-11-16,25.9296,29018.7600
2017-11-17,34.8131,29199.0400
2017-11-20,39.9752,29260.3100
2017-11-21,37.9117,29818.0700
2017-11-22,24.0524,30003.4900
2017-11-23,9.3019,29707.9400
2017-11-24,3.3416,29866.3200
2017-11-27,2.3067,29686.1900
2017-11-28,26.5254,29680.8500
2017-11-29,26.6703,29623.8300
2017-11-30,10.6560,29177.3500
2017-12-01,2.3313,29074.2400
2017-12-04,32.4642,29138.2800
2017-12-05,22.1586,28842.8000
2017-12-06,-0.6622,28224.8000
2017-12-07,4.6094,28303.1900
2017-12-08,43.2132,28639.8500
2017-12-11,47.5956,28965.2900
2017-12-12,25.1807,28793.8800
2017-12-13,18.0513,29222.1000
2017-12-14,12.7496,29166.3800
2017-12-15,26.8592,28848.1100
2017-12-18,-0.0195,29050.4100
2017-12-19,-11.5818,29253.6600
2017-12-20,-12.7589,29234.0900
2017-12-21,22.0433,29367.0600
2017-12-22,9.8107,29578.0100
2017-12-27,10.0892,29597.6600
2017-12-28,18.5563,29863.7100
2017-12-29,33.5105,29919.1500
2018-01-02,30.8930,30515.3100
2018-01-03,25.4249,30560.9500
2018-01-04,36.9600,30736.4800
2018-01-05,18.8589,30814.6400
2018-01-08,30.6160,30899.5300
2018-01-09,33.9745,31011.4100
2018-01-10,34.0877,31073.7200
2018-01-11,9.6227,31120.3900
2018-01-12,23.9526,31412.5400
2018-01-15,15.1803,31338.8700
2018-01-16,10.5984,31904.7500
2018-01-17,34.9595,31983.4100
2018-01-18,61.3132,32121.9400
2018-01-19,61.7641,32254.8900
2018-01-22,62.2518,32393.4100
2018-01-23,59.6166,32930.7000
2018-01-24,32.8782,32958.6900
2018-01-25,19.5340,32654.4500
2018-01-26,28.0625,33154.1200
2018-01-29,45.2584,32966.8900
2018-01-30,29.6228,32607.2900
2018-01-31,59.7584,32887.2700
2018-02-01,17.1451,32642.0900
2018-02-02,53.7647,32601.7800
2018-02-05,105.9271,32245.2200
2018-02-06,76.0842,30595.4200
2018-02-07,-25.6800,30323.2000
2018-02-08,8.2162,30451.2700
2018-02-09,-15.3032,29507.4200
2018-02-12,54.4621,29459.6300
2018-02-22,56.2726,30965.6800
2018-02-23,30.7117,31267.1700
2018-02-26,21.0302,31498.6000
2018-02-27,-47.2767,31268.6600
2018-02-28,-13.5200,30844.7200
2018-03-01,29.8805,31044.2500
2018-03-02,6.7653,30583.4500
2018-03-05,3.4055,29886.3900
2018-03-06,24.3967,30510.7300
2018-03-07,6.8779,30196.9200
2018-03-08,28.7429,30654.5200
2018-03-09,18.6904,30996.2100
2018-03-12,2.5874,31594.3300
2018-03-13,-5.4601,31601.4500
2018-03-14,4.7366,31435.0100
2018-03-15,14.9664,31541.1000
2018-03-16,10.0795,31501.9700
2018-03-19,4.4318,31513.7600
2018-03-20,1.2242,31549.9300
2018-03-21,-9.3755,31414.5200
2018-03-22,7.2547,31071.0500
2018-03-23,-27.5068,30309.2900
2018-03-26,-31.7337,30548.7700
2018-03-27,16.9229,30790.8300
2018-03-28,-14.4554,30022.5300
2018-03-29,12.2220,30093.3800
2018-04-09,-12.9769,30229.5800
2018-04-10,20.1236,30728.7400
2018-04-11,20.4760,30897.7100
2018-04-12,-17.4887,30831.2800
2018-04-13,-10.1625,30808.3800
2018-04-16,-29.7110,30315.5900
2018-04-17,-15.8778,30062.7500
2018-04-18,-15.5679,30284.2500
2018-04-19,9.5531,30708.4400
2018-04-20,-24.8769,30418.3300
2018-04-23,-20.4760,30254.4000
2018-04-24,15.8583,30636.2400
2018-04-25,0.0046,30328.1500
2018-05-02,-7.0143,30723.8800
2018-05-03,10.3443,30313.3700
2018-05-04,-2.7308,29926.5000
2018-05-07,4.3203,29988.1100
2018-05-08,33.6893,30402.8100
2018-05-09,4.3597,30536.1400
2018-05-10,11.6474,30809.2200
2018-05-11,-9.7287,31122.0600
2018-05-14,-13.7097,31541.0800
2018-05-15,-12.3959,31152.0300
2018-05-16,16.0673,31110.2000
2018-05-17,-7.9258,30942.1500
2018-05-18,4.8476,31047.9100
2018-05-21,6.7382,31234.3500
2018-05-23,-13.9111,30665.6400
2018-05-24,-13.5728,30760.4100
2018-05-25,-29.4012,30588.0400
2018-05-28,-2.1730,30792.2600
2018-05-29,-17.1377,30484.5800
2018-05-30,-4.3105,30056.7900
2018-05-31,-9.9096,30468.5600
2018-06-01,-10.7754,30492.9100
2018-06-04,-7.6214,30997.9800
2018-06-05,6.6520,31093.4500
2018-06-06,-1.8625,31259.1000
2018-06-07,-21.2595,31512.6300
2018-06-08,-37.2635,30958.2100
2018-06-11,-5.3687,31063.7000
2018-06-12,19.9495,31103.0600
2018-06-13,-5.0656,30725.1500
2018-06-14,-16.2445,30440.1700
2018-06-15,-3.4584,30309.4900
2018-06-19,-22.9944,29468.1500
2018-06-20,10.8618,29696.1700
2018-06-21,-1.3009,29296.0500
2018-06-22,2.9682,29338.7000
2018-06-25,7.7646,28961.3900
2018-06-26,-18.1124,28881.4000
2018-06-27,-15.2137,28356.2600
2018-06-28,-11.1816,28497.3200
2018-06-29,20.1636,28955.1100
2018-07-03,-27.6708,28545.5700
2018-07-04,-11.0661,28241.6700
2018-07-05,-39.6029,28182.0900
2018-07-06,-4.4583,28315.6200
2018-07-09,18.0770,28688.5000
2018-07-10,12.1912,28682.2500
2018-07-11,-0.1119,28311.6900
2018-07-12,41.4199,28480.8300
2018-07-13,-1.1577,28525.4400
2018-07-16,-12.2913,28539.6600
2018-07-17,-8.1793,28181.6800
2018-07-18,-5.0215,28117.4200
2018-07-19,2.1590,28010.8600
2018-07-20,37.2030,28224.4800
2018-07-23,24.5201,28256.1200
2018-07-24,27.6138,28662.5700
2018-07-25,0.9302,28920.9000
2018-07-26,-16.6120,28781.1400
2018-07-27,-2.4034,28804.2800
2018-07-30,-6.3422,28733.1300
2018-07-31,-9.8942,28583.0100
2018-08-01,-27.6626,28340.7400
2018-08-02,-32.7845,27714.5600
2018-08-03,1.3782,27676.3200
2018-08-06,-21.0094,27819.5600
2018-08-07,-8.8677,28248.8800
2018-08-08,-14.8805,28359.1400
2018-08-09,14.0339,28607.3000
2018-08-10,-13.2682,28366.6200
2018-08-13,5.7243,27936.5700
2018-08-14,-39.4034,27752.9300
2018-08-15,-20.0584,27323.5900
2018-08-16,-38.2490,27100.0600
2018-08-17,-11.4332,27213.4100
2018-08-20,-13.8823,27598.0200
2018-08-21,-7.6630,27752.7900
2018-08-22,-8.2708,27927.5800
2018-08-23,-9.6391,27790.4600
2018-08-24,5.0308,27671.8700
2018-08-27,2.6175,28271.2700
2018-08-28,-16.0700,28351.6200
2018-08-29,-14.6725,28416.4400
2018-08-30,-8.8279,28164.0500
2018-08-31,0.7257,27888.5500
2018-09-03,-5.0135,27712.5400
2018-09-04,4.7382,27973.3400
2018-09-05,11.6096,27243.8500
2018-09-06,5.2272,26974.8200
2018-09-07,12.1270,26973.4700
2018-09-10,5.9504,26613.4200
2018-09-11,-2.9914,26422.5500
2018-09-12,0.1764,26345.0400
2018-09-13,-14.0837,27014.4900
2018-09-14,2.9204,27286.4100
2018-09-17,5.1195,26932.8500
2018-09-18,7.3810,27084.6600
2018-09-19,16.6926,27407.3700
2018-09-26,15.0402,27816.8700
2018-10-08,11.8216,26202.5700
2018-10-09,14.8131,26172.9100
2018-10-10,10.3080,26193.0700
2018-10-11,5.0073,25266.3700
2018-10-12,15.2239,25801.4900
2018-10-15,7.2275,25445.0600
2018-10-16,-8.4904,25462.2600
2018-10-18,1.2835,25454.5500
2018-10-19,21.9749,25561.4000
2018-10-22,47.8618,26153.1500
2018-10-23,-8.9353,25346.5500
2018-10-24,-5.2572,25249.7800
2018-10-25,6.7461,24994.4600
2018-10-26,8.5346,24717.6300
2018-10-29,-26.4424,24812.0400
2018-10-30,-4.5845,24585.5300
2018-10-31,-4.7222,24979.6900
2018-11-01,9.7467,25416.0000
2018-11-02,5.4041,26486.3500
2018-11-05,10.6004,25934.3900
2018-11-06,-0.4472,26120.9600
2018-11-07,8.2867,26147.6900
2018-11-08,-10.6213,26227.7200
2018-11-09,-19.4592,25601.9200
2018-11-12,6.2714,25633.1800
2018-11-13,12.0092,25792.8700
2018-11-14,-0.9445,25654.4300
2018-11-15,-3.6313,26103.3400
2018-11-16,0.5457,26183.5300
2018-11-19,-7.8347,26372.0000
2018-11-20,-4.7129,25840.3400
2018-11-21,1.8064,25971.4700
2018-11-22,-4.9858,26019.4100
2018-11-23,-7.7278,25927.6800
2018-11-26,-11.4766,26376.1800
2018-11-27,-10.1218,26331.9600
2018-11-28,-7.8251,26682.5600
2018-11-29,-16.3998,26451.0300
2018-11-30,-2.6481,26506.7500
2018-12-03,-21.3046,27182.0400
2018-12-04,-9.8904,27260.4400
2018-12-05,1.6411,26819.6800
2018-12-06,5.0532,26156.3800
2018-12-07,11.6507,26063.7600
2018-12-10,4.1759,25752.3800
2018-12-11,12.6459,25771.6700
2018-12-12,0.7724,26186.7100
2018-12-13,-2.7832,26524.3500
2018-12-14,0.8954,26094.7900
2018-12-17,-1.2644,26087.9800
2018-12-18,4.1981,25814.2500
2018-12-19,-8.4717,25865.3900
2018-12-20,7.5228,25623.5300
2018-12-21,5.6939,25753.4200
2018-12-24,21.8694,25651.3800
2019-01-02,-13.8864,25130.3500
2019-01-03,-15.2472,25064.3600
2019-01-04,-1.0293,25626.0300
2019-01-07,-16.3743,25835.7000
2019-01-08,0.7869,25875.4500
2019-01-09,-5.5017,26462.3200
2019-01-10,-14.1633,26521.4300
2019-01-11,-2.6690,26667.2700
2019-01-14,-6.0571,26298.3300
2019-01-15,4.7063,26830.2900
2019-01-16,9.3692,26902.1000
2019-01-17,16.1737,26755.6300
2019-01-18,8.2969,27090.8100
2019-01-21,-0.1155,27196.5400
2019-01-22,-1.5158,27005.4500
2019-01-23,9.5649,27008.2000
2019-01-24,-1.1543,27120.9800
2019-01-25,-0.5716,27569.1900
2019-01-28,-3.3131,27576.9600
2019-01-29,0.0400,27531.6800
2019-01-30,-0.6167,27642.8500
2019-02-11,-6.6984,28143.8400
2019-02-12,8.2452,28171.3300
2019-02-13,17.8069,28497.5900
2019-02-14,0.9704,28432.0500
2019-02-15,-6.5762,27900.8400
2019-02-18,8.0095,28347.0100
2019-02-19,-8.2093,28228.1300
2019-02-20,-7.9304,28514.0500
2019-02-21,-3.4058,28629.9200
2019-02-22,3.8641,28816.3000
2019-02-25,-8.7024,28959.3000
2019-02-26,-40.6117,28772.0600
2019-02-27,-27.3093,28757.4400
2019-02-28,-17.1470,28633.1800
2019-03-01,-1.4188,28812.1700
2019-03-04,29.7299,28959.5900
2019-03-05,40.9540,28961.6000
2019-03-06,21.7304,29037.6000
2019-03-07,10.2981,28779.4500
2019-03-08,-24.8313,28228.4200
2019-03-11,22.2955,28503.3000
2019-03-12,12.4756,28920.8700
2019-03-13,3.8030,28807.4500
2019-03-14,-7.8099,28851.3900
2019-03-15,-0.6021,29012.2600
2019-03-18,-2.5092,29409.0100
2019-03-19,1.3411,29466.2800
2019-03-20,4.9686,29320.9700
2019-03-21,17.3165,29071.5600
2019-03-22,1.9553,29113.3600
2019-03-25,27.8691,28523.3500
2019-03-26,3.5996,28566.9100
2019-03-27,18.0232,28728.2500
2019-03-28,-3.6872,28775.2100
2019-03-29,30.9043,29051.3600
2019-04-01,20.8848,29562.0200
2019-04-02,13.5908,29624.6700
2019-04-03,12.5997,29986.3900
2019-04-04,17.7521,29936.3200
2019-04-08,3.4167,30077.1500
2019-04-09,1.4882,30157.4900
2019-04-10,10.8030,30119.5600
2019-04-11,22.7594,29839.4500
2019-04-12,5.6432,29909.7600
2019-04-15,9.5375,29810.7200
2019-04-16,10.3738,30129.8700
2019-04-17,5.6112,30124.6800
2019-04-18,10.7989,29963.2600
2019-04-23,-2.1789,29963.2400
2019-04-24,-0.9068,29805.8300
2019-04-25,-2.3490,29549.8000
2019-04-26,-6.7858,29605.0100
2019-05-06,-42.4726,29209.8200
2019-05-07,-6.5331,29363.0200
2019-05-08,11.9768,29003.2000
2019-05-09,-17.1119,28311.0700
2019-05-10,30.5843,28550.2400
2019-05-14,36.1446,28122.0200
2019-05-15,24.5920,28268.7100
2019-05-16,30.0103,28275.0700
2019-05-17,10.7655,27946.4600
2019-05-20,4.1722,27787.6100
2019-05-21,29.6696,27657.2400
2019-05-22,18.6488,27705.9400
2019-05-23,-1.6677,27267.1300
2019-05-24,6.2783,27353.9300
2019-05-27,8.7807,27288.0900
2019-05-28,27.3286,27390.8100
2019-05-29,29.7365,27235.7100
2019-05-30,10.9496,27114.8800
2019-05-31,17.7184,26901.0900
2019-06-03,6.7263,26893.8600
2019-06-04,5.2808,26761.5200
2019-06-05,6.1270,26895.4400
2019-06-06,-0.3371,26965.2800
2019-06-10,18.6428,27578.6400
2019-06-11,37.3793,27789.3400
2019-06-12,29.4487,27308.4600
2019-06-13,22.3748,27294.7100
2019-06-14,21.9430,27118.3500
2019-06-17,16.1683,27227.1600
2019-06-18,24.9969,27498.7700
2019-06-19,-3.0511,28202.1400
2019-06-20,12.1528,28550.4300
2019-06-21,6.0396,28473.7100
2019-06-24,2.5121,28513.0000
2019-06-25,10.3298,28185.9800
2019-06-26,15.1284,28221.9800
2019-06-27,16.6022,28621.4200
2019-06-28,16.2994,28542.6200
2019-07-02,12.9410,28875.5600
2019-07-03,7.4087,28855.1400
2019-07-04,-5.3711,28795.7700
2019-07-05,-1.9485,28774.8300
2019-07-08,6.5360,28331.6900
2019-07-09,10.2029,28116.2800
2019-07-10,11.4281,28204.6900
2019-07-11,0.8288,28431.8000
2019-07-12,11.0851,28471.6200
2019-07-15,13.3136,28554.8800
2019-07-16,5.7673,28619.6200
2019-07-17,10.9172,28593.1700
2019-07-18,-0.0181,28461.6600
2019-07-19,3.2194,28765.4000
2019-07-22,10.6940,28371.2600
2019-07-23,6.9688,28466.4800
2019-07-24,17.4318,28524.0400
2019-07-25,10.3693,28594.3000
2019-07-26,18.8560,28397.7400
2019-07-29,13.8838,28106.4100
2019-07-30,21.3198,28146.5000
2019-07-31,11.0436,27777.7500
2019-08-01,8.4744,27565.7000
2019-08-02,34.2190,26918.5800
2019-08-05,34.5017,26151.3200
2019-08-06,28.1915,25976.2400
2019-08-07,15.8875,25997.0300
2019-08-08,21.7810,26120.7700
2019-08-09,13.7256,25939.3000
2019-08-12,22.6679,25824.7200
2019-08-13,24.2181,25281.3000
2019-08-14,38.2602,25302.2800
2019-08-15,46.1821,25495.4600
2019-08-16,51.1197,25734.2200
2019-08-19,30.6395,26291.8400
2019-08-20,24.4974,26231.5400
2019-08-21,23.7201,26270.0400
2019-08-22,24.3241,26048.7200
2019-08-23,24.3621,26179.3300
2019-08-26,48.9011,25680.3300
2019-08-27,28.6342,25664.0700
2019-08-28,15.0451,25615.4800
2019-08-29,16.1527,25703.5000
2019-08-30,10.9011,25724.7300
2019-09-02,19.6484,25626.5500
2019-09-03,12.9421,25527.8500
2019-09-04,15.0660,26523.2300
2019-09-05,28.3847,26515.5300
2019-09-06,11.4194,26690.7600
2019-09-09,7.9072,26681.4000
2019-09-10,-1.7602,26683.6800
2019-09-16,-9.3480,27124.5500
2019-09-17,-6.7495,26790.2400
2019-09-18,-1.4014,26754.1200
2019-09-19,3.6606,26468.9500
2019-09-20,5.5162,26435.6700
2019-09-23,-6.1181,26222.4000
2019-09-24,-0.9788,26281.0000
2019-09-25,7.3997,25945.3500
2019-09-26,10.8837,26041.9300
2019-10-08,-1.4714,25893.4000
2019-10-09,24.0891,25682.8100
2019-10-10,20.8549,25707.9300
2019-10-11,11.4812,26308.4400
2019-10-14,32.3121,26521.8500
2019-10-15,11.1845,26503.9300
2019-10-16,11.2104,26664.2800
2019-10-17,9.9873,26848.4900
2019-10-18,5.6378,26719.5800
2019-10-21,-0.3677,26725.6800
2019-10-22,-0.4070,26786.2000
2019-10-23,7.4955,26566.7300
2019-10-24,-0.2400,26797.9500
2019-10-25,4.5691,26667.3900
2019-10-28,27.3375,26891.2600
2019-10-29,12.6845,26786.7600
2019-10-30,6.4239,26667.7100
2019-10-31,7.6313,26906.7200
2019-11-01,2.8341,27100.7600
2019-11-04,2.8688,27547.3000
2019-11-05,7.3570,27683.4000
2019-11-06,0.9910,27688.6400
2019-11-07,8.7315,27847.2300
2019-11-08,3.9559,27651.1400
2019-11-11,14.9268,26926.5500
2019-11-12,-2.2635,27065.2800
2019-11-13,26.2010,26571.4600
2019-11-14,26.9037,26323.6900
2019-11-15,23.7453,26326.6600
2019-11-18,23.0381,26681.0900
2019-11-19,25.8056,27093.8000
2019-11-20,21.2734,26889.6100
2019-11-21,30.1245,26466.8800
2019-11-22,16.4728,26595.0800
2019-11-25,8.3071,26993.0400
2019-11-26,13.7073,26913.9200
2019-11-27,10.4312,26954.0000
2019-11-28,12.3423,26893.7300
2019-11-29,19.1480,26346.4900
2019-12-02,19.2299,26444.7200
2019-12-03,22.8819,26391.3000
2019-12-04,22.6742,26062.5600
2019-12-05,21.6358,26217.0400
2019-12-06,22.4745,26498.3700
2019-12-09,17.8679,26494.7300
2019-12-10,17.6455,26436.6200
2019-12-11,16.3781,26645.4300
2019-12-12,6.3462,26994.1400
2019-12-13,24.5241,27687.7600
2019-12-16,48.0422,27508.0900
2019-12-17,50.1479,27843.7100
2019-12-18,19.3256,27884.2100
2019-12-19,16.4365,27800.4900
2019-12-20,11.9831,27871.3500
2019-12-23,6.9760,27906.4100
2019-12-24,10.5078,27864.2100
2019-12-27,28.7737,28225.4200
2019-12-30,14.1671,28319.3900
2019-12-31,15.4718,28189.7500
2020-01-02,31.4588,28543.5200
2020-01-03,22.3418,28451.5000
2020-01-06,18.8313,28226.1900
2020-01-07,27.8497,28322.0600
2020-01-08,11.3040,28087.9200
2020-01-09,13.6342,28561.0000
2020-01-10,42.6217,28638.2000
2020-01-13,27.9337,28954.9400
2020-01-14,25.9918,28885.1400
2020-01-15,20.7271,28773.5900
2020-01-16,13.3032,28883.0400
2020-01-17,14.8316,29056.4200
2020-01-20,8.6326,28795.9100
2020-01-21,-0.7584,27985.3300
2020-02-03,5.1778,26356.9800
2020-02-04,30.4837,26675.9800
2020-02-05,68.1564,26786.7400
2020-02-06,24.1605,27493.7000
2020-02-07,23.1804,27404.2700
2020-02-10,50.1909,27241.3400
2020-02-11,42.6255,27583.8800
2020-02-12,58.5506,27823.6600
2020-02-13,28.6813,27730.0000
2020-02-14,29.2118,27815.6000
2020-02-17,31.3153,27959.6000
2020-02-18,25.7580,27530.2000
2020-02-19,3.0440,27655.8100
2020-02-20,11.8018,27609.1600
2020-02-21,-0.3982,27308.8100
2020-02-24,16.6484,26820.8800
2020-02-25,39.4196,26893.2300
2020-02-26,37.4680,26696.4900
2020-02-27,43.7058,26778.6200
2020-02-28,37.8027,26129.9300
2020-03-02,38.0638,26291.6800
2020-03-03,30.6470,26284.8200
2020-03-04,11.2634,26222.0700
2020-03-05,62.2922,26767.8700
2020-03-06,32.5674,26146.6700
2020-03-09,78.1491,25040.4600
2020-03-10,83.6212,25392.5100
2020-03-11,60.1996,25231.6100
2020-03-12,126.9832,24309.0700
2020-03-13,161.7071,24032.9100
2020-03-16,67.9383,23063.5700
2020-03-17,98.7121,23263.7300
2020-03-18,57.9277,22291.8200
2020-03-19,159.0605,21709.1300
2020-03-20,53.0924,22805.0700
2020-03-23,95.1024,21696.1300
2020-03-24,42.6537,22663.4900
2020-03-25,57.4110,23527.1900
2020-03-26,18.2217,23352.3400
2020-03-27,4.9494,23484.2800
2020-03-30,38.5549,23175.1100
2020-03-31,18.2760,23603.4800
2020-04-01,29.9320,23085.7900
2020-04-07,-4.6657,24253.2900
2020-04-08,23.4933,23970.3700
2020-04-09,-5.6508,24300.3300
2020-04-14,5.1738,24435.4000
2020-04-15,15.6240,24145.3400
2020-04-16,-0.5690,24006.4500
2020-04-17,40.1888,24380.0000
2020-04-20,26.3831,24330.0200
2020-04-21,30.6551,23793.5500
2020-04-22,9.6826,23893.3600
2020-04-23,11.3919,23977.3200
2020-04-24,4.8321,23831.3300
2020-04-27,8.3332,24280.1400
2020-05-06,2.3721,24137.4800
2020-05-07,11.6259,23980.6300
2020-05-08,4.2142,24230.1700
2020-05-11,-16.3698,24602.0600
2020-05-12,18.2790,24245.6800
2020-05-13,33.9427,24180.3000
2020-05-14,40.7635,23829.7400
2020-05-15,20.7770,23797.4700
2020-05-18,13.5342,23934.7700
2020-05-19,12.2409,24388.1300
2020-05-20,8.1724,24399.9500
2020-05-21,1.1155,24280.0300
2020-05-22,44.1364,22930.1400
2020-05-25,27.2133,22952.2400
2020-05-26,42.1067,23384.6600
2020-05-27,5.5875,23301.3600
2020-05-28,-15.4969,23132.7600
2020-05-29,11.4156,22961.4700
2020-06-01,17.5050,23732.5200
2020-06-02,4.4628,23995.9400
2020-06-03,11.3170,24325.6200
2020-06-04,6.3959,24366.3000
2020-06-05,-4.8631,24770.4100
2020-06-08,4.8721,24776.7700
2020-06-09,7.1770,25057.2200
2020-06-10,9.9075,25049.7300
2020-06-11,4.4355,24480.1500
2020-06-12,17.7614,24301.3800
2020-06-15,22.4867,23776.9500
2020-06-16,20.2549,24344.0900
2020-06-17,24.2144,24481.4100
2020-06-18,23.8120,24464.9400
2020-06-19,21.2324,24643.8900
2020-06-22,7.7733,24511.3400
2020-06-29,5.6851,24301.2800
2020-06-30,52.1907,24427.1900
2020-07-02,50.8428,25124.1900
2020-07-03,34.1709,25373.1200
2020-07-06,90.2567,26339.1600
2020-07-07,41.1935,25975.6600
2020-07-08,87.9669,26129.1800
2020-07-09,74.5009,26210.1600
2020-07-10,28.2996,25727.4100
2020-07-13,61.9112,25772.1200
2020-07-14,65.6855,25477.8900
2020-07-15,20.5256,25481.5800
2020-07-16,4.0672,24970.6900
2020-07-17,18.6518,25089.1700
2020-07-20,45.2704,25057.9900
2020-07-21,51.1690,25635.6600
2020-07-22,33.8206,25057.9400
2020-07-23,36.2097,25263.0000
2020-07-24,-12.3243,24705.3300
2020-07-27,18.4953,24603.2600
2020-07-28,38.6255,24772.7600
2020-07-29,36.6115,24883.1400
2020-07-30,55.7824,24710.5900
2020-07-31,27.9314,24595.3500
2020-08-03,47.1142,24458.1300
2020-08-04,34.2870,24946.6300
2020-08-05,9.3867,25102.5400
2020-08-06,7.7634,24930.5800
2020-08-07,-16.2942,24531.6200
2020-08-10,27.0009,24377.4300
2020-08-11,5.3152,24890.6800
2020-08-12,2.6362,25244.0200
2020-08-13,0.6177,25230.6700
2020-08-14,26.5823,25183.0100
2020-08-17,26.4586,25347.3400
2020-08-18,10.7516,25367.3800
2020-08-19,-9.4501,25178.9100
2020-08-20,3.8219,24791.3900
2020-08-21,16.4975,25113.8400
2020-08-24,29.7109,25551.5800
2020-08-25,10.3118,25486.2200
2020-08-26,12.9881,25491.7900
2020-08-27,42.5568,25281.1500
2020-08-28,42.6546,25422.0600
2020-08-31,48.9233,25177.0500
2020-09-01,29.5426,25184.8500
2020-09-02,40.2834,25120.0900
2020-09-03,15.5112,25007.6000
2020-09-04,48.0525,24695.4500
2020-09-07,39.6889,24589.6500
2020-09-08,-18.4668,24624.3400
2020-09-09,17.3401,24468.9300
2020-09-10,12.7093,24313.5400
2020-09-11,23.6553,24503.3100
2020-09-14,52.4354,24640.2800
2020-09-15,26.6767,24732.7600
2020-09-16,18.5008,24725.6300
2020-09-17,16.5522,24340.8500
2020-09-18,21.4299,24455.4100
2020-09-21,18.6622,23950.6900
2020-09-22,-6.0147,23716.8500
2020-09-23,16.5878,23742.5100
2020-09-24,-1.3253,23311.0700
2020-09-25,8.8185,23235.4200
2020-09-28,36.5291,23476.0500
2020-10-09,28.2033,24119.1300
2020-10-12,74.5965,24649.6800
2020-10-14,69.3807,24667.0900
2020-10-15,37.8372,24158.5400
2020-10-16,43.5527,24386.7900
2020-10-19,25.9548,24542.2600
2020-10-20,11.4168,24569.5400
2020-10-21,27.4222,24754.4200
2020-10-22,21.3448,24786.1300
2020-10-23,36.0611,24918.7800
2020-10-27,66.7173,24787.1900
2020-10-28,94.7441,24708.8000
2020-10-29,113.1400,24586.6000
2020-10-30,59.2632,24107.4200
2020-11-02,70.3444,24460.0100
2020-11-03,73.5848,24939.7300
2020-11-04,77.8878,24886.1400
2020-11-05,16.5146,25695.9200
2020-11-06,-3.3766,25712.9700
2020-11-09,27.0665,26016.1700
2020-11-10,-11.6697,26301.4800
2020-11-11,92.6955,26226.9800
2020-11-12,15.9799,26169.3800
2020-11-13,31.9370,26156.8600
2020-11-16,21.6466,26381.6700
2020-11-17,-4.8866,26415.0900
2020-11-18,18.0142,26544.2900
2020-11-19,28.1286,26356.9700
2020-11-20,50.3261,26451.5400
2020-11-23,52.1463,26486.2000
2020-11-24,22.9619,26588.2000
2020-11-25,6.9677,26669.7500
2020-11-26,13.6742,26819.4500
2020-11-27,53.1006,26894.6800
2020-11-30,49.9665,26341.4900
2020-12-01,49.1252,26567.6800
2020-12-02,43.9201,26532.5800
2020-12-03,30.4247,26728.5000
2020-12-04,54.9183,26835.9200
2020-12-07,20.7454,26506.8500
2020-12-08,30.8187,26304.5600
2020-12-09,4.3602,26502.8400
2020-12-10,18.1777,26410.5900
2020-12-11,0.6972,26505.8700
2020-12-14,0.9795,26389.5200
2020-12-15,5.1825,26207.2900
2020-12-16,0.7568,26460.2900
2020-12-17,4.1509,26678.3800
2020-12-18,-8.5576,26498.6000
2020-12-21,13.6928,26306.6800
2020-12-22,6.8551,26119.2500
2020-12-23,33.9391,26343.1000
2020-12-24,19.1415,26386.5600
2020-12-28,84.1149,26314.6300
2020-12-29,72.7885,26568.4900
2020-12-30,58.7812,27147.1100
2020-12-31,56.9926,27231.1300
2021-01-04,134.9515,27472.8100
2021-01-05,107.4338,27649.8600
2021-01-06,123.9585,27692.3000
2021-01-07,154.2139,27548.5200
2021-01-08,134.6156,27878.2200
2021-01-11,194.8594,27908.2200
2021-01-12,107.5147,28276.7500
2021-01-13,119.0731,28235.6000
2021-01-14,146.3478,28496.8600
2021-01-15,134.3323,28573.8600
2021-01-18,229.7064,28862.7700
2021-01-19,265.9275,29642.2800
2021-01-20,202.8783,29962.4700
2021-01-21,162.6345,29927.7600
2021-01-22,93.6633,29447.8500
2021-01-25,192.5534,30159.0100
2021-01-26,139.4735,29391.2600
2021-01-27,235.2998,29297.5300
2021-01-28,102.1856,28550.7700
2021-01-29,124.6143,28283.7100
2021-02-01,164.3461,28892.8600
2021-02-02,173.1890,29248.7000
2021-02-03,123.5761,29307.4600
2021-02-04,38.7162,29113.5000
2021-02-05,81.6783,29288.6800
2021-02-08,115.8597,29319.4700
2021-02-18,142.0536,30595.2700
2021-02-19,36.7912,30644.7300
2021-02-22,54.0221,30319.8300
2021-02-23,77.6261,30632.6400
2021-02-24,-199.6029,29718.2400
2021-02-25,17.0019,30074.1700
2021-02-26,-75.9544,28980.2100
2021-03-01,0.8405,29452.5700
2021-03-02,-18.1584,29095.8600
2021-03-03,57.4717,29880.4200
2021-03-04,-43.3157,29236.7900
2021-03-05,23.6766,29098.2900
2021-03-08,-131.8124,28540.8300
2021-03-09,-88.6614,28773.2300
2021-03-10,-43.3532,28907.5200
2021-03-11,45.2518,29385.6100
2021-03-12,32.0526,28739.7200
2021-03-15,-46.7785,28833.7600
2021-03-16,52.6692,29027.6900
2021-03-17,29.4916,29034.1200
2021-03-18,45.6918,29405.7200
2021-03-19,-32.5651,28990.9400
2021-03-22,4.4127,28885.3400
2021-03-23,-43.9976,28497.3800
2021-03-24,-69.4290,27918.1400
2021-03-25,-15.6749,27899.6100
2021-03-26,60.3048,28336.4300
2021-03-29,9.3444,28338.3000
2021-03-30,32.5676,28577.5000
2021-03-31,13.0684,28378.3500
2021-04-01,40.4837,28938.7400
2021-04-07,8.4913,28674.8000
2021-04-08,47.2894,29008.0700
2021-04-09,14.6045,28698.8000
2021-04-12,-25.3117,28453.2800
2021-04-13,12.3791,28497.2500
2021-04-14,13.0091,28900.8300
2021-04-15,-5.5397,28793.1400
2021-04-16,50.3853,28969.7100
2021-04-19,51.1251,29106.1500
2021-04-20,53.9137,29135.7300
2021-04-21,42.1015,28621.9200
2021-04-22,58.9315,28755.3400
2021-04-23,34.1743,29078.7500
2021-04-26,19.8073,28952.8300
2021-04-27,8.3449,28941.5400
2021-04-28,8.6556,29071.3400
2021-05-06,-3.7546,28637.4600
2021-05-07,-3.3976,28610.6500
2021-05-10,-64.6798,28595.6600
2021-05-11,49.3294,28013.8100
2021-05-12,98.1011,28231.0400
2021-05-13,42.9002,27718.6700
2021-05-14,46.9530,28027.5700
2021-05-17,84.5593,28194.0900
2021-05-18,43.7683,28593.8100
2021-05-20,53.8163,28450.2900
2021-05-21,20.4607,28458.4400
2021-05-24,16.6552,28412.2600
2021-05-25,78.5942,28910.8600
2021-05-26,8.1485,29166.0100
2021-05-27,-8.1050,29113.2000
2021-05-28,-18.4233,29124.4100
2021-05-31,-9.4757,29151.8000
2021-06-01,52.9480,29468.0000
2021-06-02,6.7856,29297.6200
2021-06-03,4.3909,28966.0300
2021-06-04,-10.8731,28918.1000
2021-06-07,-14.4723,28787.2800
2021-06-08,-17.6781,28781.3800
2021-06-09,10.7130,28742.6300
2021-06-10,-16.2982,28738.8800
2021-06-11,18.9898,28842.1300
2021-06-15,-3.9842,28638.5300
2021-06-16,-26.3613,28436.8400
2021-06-17,-5.4844,28558.5900
2021-06-18,11.6664,28801.2700
2021-06-21,-4.8093,28489.0000
2021-06-22,9.2588,28309.7600
2021-06-23,-3.1674,28817.0700
2021-06-24,13.5089,28882.4600
2021-06-25,35.7353,29288.2200
2021-06-28,-5.9246,29268.3000
2021-06-29,-9.9613,28994.1000
2021-06-30,5.3839,28827.9500
2021-07-02,-70.4498,28310.4200
2021-07-05,-108.6757,28143.5000
2021-07-06,-15.6800,28072.8600
2021-07-07,17.8005,27960.6200
2021-07-08,-59.4631,27153.1300
2021-07-09,32.9714,27344.5400
2021-07-12,-5.8184,27515.2400
2021-07-13,14.8489,27963.4100
2021-07-14,-2.2156,27787.4600
2021-07-15,0.2154,27996.2700
2021-07-16,5.7880,28004.6800
2021-07-19,-17.8443,27489.7800
2021-07-20,-46.9432,27259.2500
2021-07-21,-36.4936,27224.5800
2021-07-22,-22.6841,27723.8400
2021-07-23,-48.7245,27321.9800
2021-07-26,-63.3404,26192.3200
2021-07-27,-12.7512,25086.4300
2021-07-28,-133.4301,25473.8800
2021-07-29,-46.1827,26315.3200
2021-07-30,-15.9506,25961.0300
2021-08-02,-8.6900,26235.8000
2021-08-03,-49.4001,26194.8200
2021-08-04,25.0141,26426.5500
2021-08-05,-11.5590,26204.6900
2021-08-06,61.8637,26179.4000
2021-08-09,34.4883,26283.4000
2021-08-10,54.8450,26605.6200
2021-08-11,56.3200,26660.1600
2021-08-12,-1.0066,26517.8200
2021-08-13,-22.5296,26391.6200
2021-08-16,-56.3068,26181.4600
2021-08-17,-47.3078,25745.8700
2021-08-18,4.3585,25867.0100
2021-08-19,-39.3214,25316.3300
2021-08-20,-42.0772,24849.7200
2021-08-23,4.2317,25109.5900
2021-08-24,21.7737,25727.9200
2021-08-25,-7.1366,25693.9500
2021-08-26,-32.4529,25415.6900
2021-08-27,-34.3640,25407.8900
2021-08-30,-41.7105,25539.5400
2021-08-31,-66.8481,25878.9900
2021-09-01,-1.1630,26028.2900
2021-09-02,-6.2573,26090.4300
2021-09-03,-2.1332,25901.9900
2021-09-06,20.9669,26163.6300
2021-09-07,40.6689,26353.6300
2021-09-08,7.3964,26320.9300
2021-09-09,6.7288,25716.0000
2021-09-10,6.5577,26205.9100
2021-09-13,-16.6680,25813.8100
2021-09-14,0.0887,25502.2300
2021-09-15,-7.6980,25033.2100
2021-09-23,-4.5666,24510.9800
2021-09-24,51.0220,24192.1600
2021-09-27,26.7944,24208.7800
2021-09-28,58.8777,24500.3900
2021-10-08,23.9620,24837.8500
2021-10-11,20.8744,25325.0900
2021-10-12,20.7707,24962.5900
2021-10-15,2.0683,25330.9600
2021-10-18,1.0203,25409.7500
2021-10-19,-5.8505,25787.2100
2021-10-20,39.1569,26136.0200
2021-10-21,5.8370,26017.5300
2021-10-22,1.0323,26126.9300
2021-10-25,32.0908,26132.0300
2021-10-26,-20.3940,26038.2700
2021-10-27,-22.1819,25628.7400
2021-10-28,-7.9168,25555.7300
2021-10-29,7.3460,25377.2400
2021-11-01,-13.4112,25154.3200
2021-11-02,10.8030,25099.6700
2021-11-03,-7.6607,25024.7500
2021-11-04,9.2718,25225.1900
2021-11-05,8.8066,24870.5100
2021-11-08,-15.3022,24763.7700
2021-11-09,-5.3992,24813.1300
2021-11-10,15.5524,24996.1400
2021-11-11,-28.0255,25247.9900
2021-11-12,-20.5037,25327.9700
2021-11-15,-15.2857,25390.9100
2021-11-16,-17.8833,25713.7800
2021-11-17,1.5585,25650.0800
2021-11-18,-4.6879,25319.7200
2021-11-19,12.9217,25049.9700
2021-11-22,-24.1283,24951.3400
2021-11-23,-15.6555,24651.5800
2021-11-24,19.9885,24685.5000
2021-11-25,13.1202,24740.1600
2021-11-26,9.6099,24080.5200
2021-11-29,7.0153,23852.2400
2021-11-30,11.6950,23475.2600
2021-12-01,16.2353,23658.9200
2021-12-02,13.6930,23788.9300
2021-12-03,33.6006,23766.6900
2021-12-06,37.1572,23349.3800
2021-12-07,31.6557,23983.6600
2021-12-08,24.5923,23996.8700
2021-12-09,21.8277,24254.8600
2021-12-10,28.8799,23995.7200
2021-12-13,33.2833,23954.5800
2021-12-14,16.9937,23635.9500
2021-12-15,34.7549,23420.7600
2021-12-16,40.7446,23475.5000
2021-12-17,49.1464,23192.6300
2021-12-20,38.0819,22744.8600
2021-12-20,38.0819,22744.8600
2021-12-21,32.7440,22971.3300
2021-12-22,30.4619,23102.3300
2021-12-23,28.6494,23193.6400
2021-12-24,3.2698,23223.7600
2021-12-28,-17.1118,23280.5600
2022-01-04,-15.7458,23289.8400
2022-01-05,24.0552,22907.2500
2022-01-06,22.9883,23072.8600
2022-01-07,28.6761,23493.3800
2022-01-10,31.5715,23746.5400
2022-01-11,17.7809,23739.0600
2022-01-12,52.9010,24402.1700
2022-01-13,13.3889,24429.7700
2022-01-14,37.7130,24383.3200
2022-01-17,14.5623,24218.0300
2022-01-18,22.1546,24112.7800
2022-01-19,5.9068,24127.8500
2022-01-20,65.4437,24952.3500
2022-01-21,20.3584,24965.5500
2022-01-24,26.6943,24656.4600
2022-01-25,23.3431,24243.6100
2022-01-26,46.4578,24289.9000
2022-02-07,13.9745,24579.5500
2022-02-08,14.0928,24329.4900
2022-02-09,27.4017,24829.9900
2022-02-10,-0.5973,24924.3500
2022-02-11,-3.9240,24906.6600
2022-02-14,-24.7593,24556.5700
2022-02-15,-15.4292,24355.7100
2022-02-16,3.6546,24718.9000
2022-02-17,-7.2426,24792.7700
2022-02-18,-31.4902,24327.7100
2022-02-21,5.3506,24170.0700
2022-02-22,-0.0648,23520.0000
2022-02-23,14.5810,23660.2800
2022-02-24,9.9434,22901.5600
2022-02-25,31.6063,22767.1800
2022-02-28,8.8347,22713.0200
2022-03-01,18.7970,22761.7100
2022-03-02,23.3453,22343.9200
2022-03-03,3.4668,22467.3400
2022-03-04,43.0270,21905.2900
2022-03-07,54.4899,21057.6300
2022-03-08,18.8353,20765.8700
2022-03-09,3.6062,20627.7100
2022-03-10,34.4955,20890.2600
2022-03-11,38.1841,20553.7900
2022-03-14,64.7194,19531.6600
2022-03-15,93.8365,18415.0800
2022-03-16,78.7260,20087.5000
2022-03-17,-2.0484,21501.2300
2022-03-18,28.2450,21412.4000
2022-03-21,10.7971,21221.3400
2022-03-22,10.7343,21889.2800
2022-03-23,45.6002,22154.0800
2022-03-24,-8.1540,21945.9500
2022-03-25,-32.4946,21404.8800
2022-03-28,-8.8633,21684.9700
2022-03-29,-9.1228,21927.6300
2022-03-30,-21.4187,22232.0300
2022-04-06,6.3713,22080.5200
2022-04-07,-9.3449,21808.9800
2022-04-08,3.3672,21872.0100
2022-04-11,0.6819,21208.3000
2022-04-12,17.0283,21319.1300
2022-04-13,29.2485,21374.3700
2022-04-14,9.4048,21518.0800
2022-04-19,29.9486,21027.7600
2022-04-20,-18.2229,20944.6700
2022-04-21,-22.2597,20682.2200
2022-04-22,32.8348,20638.5200
2022-04-25,-2.9621,19869.3400
2022-04-26,0.9049,19934.7100
2022-04-27,28.2772,19946.3600
2022-05-05,-8.5137,20793.4000
2022-05-06,25.6771,20001.9600
2022-05-10,64.2875,19633.6900
2022-05-11,62.9202,19824.5700
2022-05-12,66.5409,19380.3400
2022-05-13,34.9468,19898.7700
2022-05-16,19.3230,19950.2100
2022-05-17,43.0667,20602.5200
2022-05-18,8.0606,20644.2800
2022-05-19,53.2834,20120.6800
2022-05-20,2.2228,20717.2400
2022-05-23,15.8150,20470.0600
2022-05-24,9.1668,20112.1000
2022-05-25,26.8938,20171.2700
2022-05-26,29.9398,20116.2000
2022-05-27,4.0943,20697.3600
2022-05-30,-14.7622,21123.9300
2022-05-31,21.2101,21415.2000
2022-06-01,10.7235,21294.9400
2022-06-02,7.0176,21082.1300
2022-06-06,15.0242,21653.9000
2022-06-07,12.4362,21531.6700
2022-06-08,-0.9077,22014.5900
2022-06-09,4.1237,21869.0500
2022-06-10,37.1099,21806.1800
2022-06-13,54.9752,21067.5800
2022-06-14,51.7919,21067.9900
2022-06-15,43.4841,21308.2100
2022-06-16,19.3635,20845.4300
2022-06-17,25.9526,21075.0000
2022-06-20,3.1272,21163.9100
2022-06-21,12.3191,21559.5900
2022-06-22,18.0233,21008.3400
2022-06-23,18.7151,21273.8700
2022-06-24,30.0022,21719.0600
2022-06-27,42.6422,22229.5200
2022-06-28,19.2680,22418.9700
2022-06-29,33.4904,21996.8900
2022-06-30,75.1988,21859.7900
2022-07-04,12.0971,21830.3500
2022-07-05,-20.1973,21853.0700
2022-07-06,-35.6510,21586.6600
2022-07-07,-0.6097,21643.5800
2022-07-08,6.5431,21725.7800
2022-07-11,-22.2376,21124.2000
2022-07-12,12.0738,20844.7400
2022-07-13,11.2488,20797.9500
2022-07-14,5.9004,20751.2100
2022-07-15,17.4348,20297.7200
2022-07-18,-7.4003,20846.1800
2022-07-19,11.2410,20661.0600
2022-07-20,10.1200,20890.2200
2022-07-21,8.2681,20574.6300
2022-07-22,5.9615,20609.1400
2022-07-25,0.1731,20562.9400
2022-07-26,10.1166,20905.8800
2022-07-27,2.7389,20670.0400
2022-07-28,-0.6163,20622.6800
2022-07-29,-7.0505,20156.5100
2022-08-01,33.1633,20165.8400
2022-08-02,22.8769,19689.2100
2022-08-03,7.1896,19767.0900
2022-08-04,9.6702,20174.0400
2022-08-05,4.3776,20201.9400
2022-08-08,-1.8895,20045.7700
2022-08-09,-5.9706,20003.4400
2022-08-10,12.7951,19610.8400
2022-08-11,9.5604,20082.4300
2022-08-12,9.8951,20175.6200
2022-08-15,2.0046,20040.8600
2022-08-16,-19.5698,19830.5200
2022-08-17,-24.0477,19922.4500
2022-08-18,6.8274,19763.9100
2022-08-19,10.3182,19773.0300
2022-08-22,13.2889,19656.9800
2022-08-23,-2.9278,19503.2500
2022-08-24,-4.6410,19268.7400
2022-08-25,-8.0360,19968.3800
2022-08-26,-11.4876,20170.0400
2022-08-29,17.6009,20023.2200
2022-08-30,-0.9236,19949.0300
2022-08-31,3.9225,19954.3900
2022-09-01,25.6083,19597.3100
2022-09-02,-3.2211,19452.0900
2022-09-05,28.8448,19225.7000
2022-09-06,9.4847,19202.7300
2022-09-07,8.3327,19044.3000
2022-09-08,0.4980,18854.6200
2022-09-09,-1.8062,19362.2500
2022-09-13,21.8199,19326.8600
2022-09-14,49.6328,18847.1000
2022-09-15,21.6035,18930.3800
2022-09-16,14.0174,18761.6900
2022-09-19,-12.0433,18565.9700
2022-09-20,17.5540,18781.4200
2022-09-21,44.2511,18444.6200
2022-09-22,30.3516,18147.9500
2022-09-23,28.1523,17933.2700
2022-09-26,-1.2905,17855.1400
2022-09-27,7.9296,17860.3100
2022-09-28,59.2417,17250.8800
2022-10-10,3.9535,17216.6600
2022-10-11,31.1991,16832.3600
2022-10-12,11.3602,16701.0300
2022-10-13,50.1434,16389.1100
2022-10-14,50.4286,16587.6900
2022-10-17,55.4954,16612.9000
2022-10-18,51.3051,16914.5800
2022-10-19,45.4000,16511.2800
2022-10-20,70.6977,16280.2200
2022-10-21,34.0746,16211.1200
2022-10-24,66.9097,15180.6900
2022-10-25,65.3159,15165.5900
2022-10-26,50.5962,15317.6700
2022-10-27,55.7148,15427.9400
2022-10-28,42.8045,14863.0600
2022-10-31,52.1452,14687.0200
2022-11-01,74.3749,15455.2700
2022-11-02,76.7252,15827.1700
2022-11-03,75.9994,15339.4900
2022-11-04,60.4726,16161.1400
2022-11-07,48.9889,16595.9100
2022-11-08,41.9798,16557.3100
2022-11-09,-6.9356,16358.5200
2022-11-10,40.3106,16081.0400
2022-11-11,-10.8745,17325.6600
2022-11-14,-40.9458,17619.7100
2022-11-15,2.5503,18343.1200
2022-11-16,43.3501,18256.4800
2022-11-17,51.7803,18045.6600
2022-11-18,-24.4090,17992.5400
2022-11-21,47.1675,17655.9100
2022-11-22,-58.1549,17424.4100
2022-11-23,-2.0090,17523.8100
2022-11-24,-24.9606,17660.9000
2022-11-25,23.1546,17573.5800
2022-11-28,66.3769,17297.9400
2022-11-29,-10.9807,18204.6800
2022-11-30,27.6869,18597.2300
2022-12-01,20.3477,18736.4400
2022-12-02,-12.5309,18675.3500
2022-12-05,-14.1751,19518.2900
2022-12-06,28.3594,19441.1800
2022-12-07,-50.2494,18814.8200
2022-12-08,-4.2400,19450.2300
2022-12-09,7.4101,19900.8700
2022-12-12,63.6842,19463.6300
2022-12-13,16.6129,19596.2000
2022-12-14,-38.0186,19673.4500
2022-12-15,19.0085,19368.5900
2022-12-16,-15.6948,19450.6700
2022-12-19,-4.2716,19352.8100
2022-12-20,-20.7271,19094.8000
2022-12-21,3.4652,19160.4900
2022-12-22,7.7294,19679.2200
2022-12-23,6.7975,19593.0600
2022-12-28,20.5277,19898.9100
2022-12-29,40.0122,19741.1400
2022-12-30,20.1391,19781.4100
2023-01-03,42.5022,20145.2900
2023-01-04,50.0979,20793.1100
2023-01-05,32.9834,21052.1700
2023-01-06,-13.4375,20991.6400
2023-01-09,-12.2511,21388.3400
2023-01-10,-0.0575,21331.4600
2023-01-11,9.7222,21436.0500
2023-01-12,-24.2208,21514.1000
2023-01-13,20.4164,21738.6600
2023-01-16,-8.4545,21746.7200
2023-01-17,26.6973,21577.6400
2023-01-18,11.2206,21678.0000
2023-01-30,-69.0375,22069.7300
2023-01-31,-63.2022,21842.3300
2023-02-01,-20.2922,22072.1800
2023-02-02,-16.3064,21958.3600
2023-02-03,-6.0445,21660.4700
2023-02-06,19.9028,21222.1600
2023-02-07,0.1657,21298.7000
2023-02-08,-36.3600,21283.5200
2023-02-09,-8.1857,21624.3600
2023-02-10,32.2399,21190.4200
2023-02-13,31.8642,21164.4200
2023-02-14,-37.6715,21113.7600
2023-02-15,59.1149,20812.1700
2023-02-16,-8.6408,20987.6700
2023-02-17,-1.0367,20719.8100
2023-02-20,-57.5028,20886.9600
2023-02-21,4.6981,20529.4900
2023-02-22,7.3180,20423.8400
2023-02-23,8.3224,20351.3500
2023-02-24,82.3423,20010.0400
2023-02-27,60.4866,19943.5100
2023-02-28,-32.1492,19785.9400
2023-03-01,33.9494,20619.7100
2023-03-02,73.1128,20429.4600
2023-03-03,22.5053,20567.5400
2023-03-06,22.7350,20603.1900
2023-03-07,-7.8015,20534.4800
2023-03-08,75.5489,20051.2500
2023-03-09,6.1500,19925.7400
2023-03-10,13.2965,19319.9200
2023-03-13,3.4392,19695.9700
2023-03-14,48.9119,19247.9600
2023-03-15,39.1170,19539.8700
2023-03-16,20.6174,19203.9100
2023-03-17,22.4980,19518.5900
2023-03-20,56.9218,19000.7100
2023-03-21,10.1340,19258.7600
2023-03-22,30.7364,19591.4300
2023-03-23,8.2716,20049.6400
2023-03-24,61.5025,19915.6800
2023-03-27,42.6392,19567.6900
2023-03-28,28.9288,19784.6500
2023-03-29,30.6163,20192.4000
2023-03-30,20.8617,20309.1300
2023-03-31,6.6852,20400.1100
2023-04-03,52.4059,20409.1800
2023-04-04,6.5102,20274.5900
2023-04-06,38.8485,20331.2000
2023-04-11,21.6639,20485.2400
2023-04-12,-2.5583,20309.8600
2023-04-13,11.1522,20344.4800
2023-04-14,33.5616,20438.8100
2023-04-17,74.2710,20782.4500
2023-04-18,22.5941,20650.5100
2023-04-19,29.6562,20367.7600
2023-04-20,-51.4872,20396.9700
2023-04-21,30.6195,20075.7300
2023-04-24,1.9450,19959.9400
2023-04-25,21.0918,19617.8800
2023-04-26,15.0161,19757.2700
2023-04-27,0.8018,19840.2800
2023-04-28,6.6745,19894.5700
2023-05-04,28.1500,19948.7300
2023-05-05,-9.8054,20049.3100
2023-05-08,18.2150,20297.0300
2023-05-09,9.4043,19867.5800
2023-05-10,-2.3486,19762.2000
2023-05-11,21.0475,19743.7900
2023-05-12,-5.8475,19627.2400
2023-05-15,16.5268,19971.1300
2023-05-16,14.0925,19978.2500
2023-05-17,67.7822,19560.5700
2023-05-18,17.3101,19727.2500
2023-05-19,-7.7808,19450.5700
2023-05-22,-21.6190,19678.1700
2023-05-23,50.5304,19431.2500
2023-05-24,-34.9510,19115.9300
2023-05-25,72.0501,18746.9200
2023-05-29,-18.3105,18551.1100
2023-05-30,14.0339,18595.7800
2023-05-31,-3.8746,18234.2700
2023-06-01,-36.6443,18216.9100
2023-06-02,-24.2538,18949.9400
2023-06-05,108.8541,19108.5000
2023-06-06,-81.2995,19099.2800
2023-06-07,2.4104,19252.0000
2023-06-08,40.4787,19299.1800
2023-06-09,-12.5547,19389.9500
2023-06-12,45.6430,19404.3100
2023-06-13,31.2048,19521.4200
2023-06-14,15.4948,19408.4200
2023-06-15,-72.6491,19828.9200
2023-06-16,-96.2611,20040.3700
2023-06-19,71.0586,19912.8900
2023-06-20,-29.5313,19607.0800
2023-06-21,-32.6258,19218.3500
2023-06-26,31.9334,18794.1300
2023-06-27,-73.5908,19148.1300
2023-06-28,73.0928,19172.0500
2023-06-29,-35.8857,18934.3600
2023-06-30,16.6482,18916.4300
2023-07-03,-20.2694,19306.5900
2023-07-04,4.5470,19415.6800
2023-07-05,92.4075,19110.3800
2023-07-06,32.2754,18533.0500
2023-07-07,-41.9111,18365.7000
2023-07-10,-11.9825,18479.7200
2023-07-11,-20.7887,18659.8300
2023-07-12,-0.7349,18860.9500
2023-07-13,-3.2693,19350.6200
2023-07-14,-6.7457,19413.7800
2023-07-18,11.7613,19015.7200
2023-07-19,164.7784,18952.3100
2023-07-20,-138.3355,18928.0200
2023-07-21,4.9980,19075.2600
2023-07-24,97.9651,18668.1500
2023-07-25,-61.2055,19434.4000
2023-07-26,77.8337,19365.1400
2023-07-27,-36.8103,19639.1100
2023-07-28,73.0966,19916.5600
2023-07-31,-59.6082,20078.9400
2023-08-01,94.8001,20011.1200
2023-08-02,4.0243,19517.3800
2023-08-03,34.2129,19420.8700
2023-08-04,-57.3653,19539.4600
2023-08-07,44.3623,19537.9200
2023-08-08,73.2953,19184.1700
2023-08-09,-68.8077,19246.0300
2023-08-10,17.7553,19248.2600
2023-08-11,71.7898,19075.1900
2023-08-14,88.4442,18773.5500
2023-08-15,67.9211,18581.1100
2023-08-16,-30.4305,18329.3000
2023-08-17,99.3783,18326.6300
2023-08-18,-40.9117,17950.8500
2023-08-21,95.6472,17623.2900
2023-08-22,7.3448,17791.0100
2023-08-23,31.2158,17845.9200
2023-08-24,44.4626,18212.1700
2023-08-25,33.8598,17956.3800
2023-08-28,41.0199,18130.7400
2023-08-29,29.0629,18484.0300
2023-08-30,45.9080,18482.8600
2023-08-31,28.3072,18382.0600
2023-09-04,42.9885,18844.1600
2023-09-05,119.9837,18456.9100
2023-09-06,41.6799,18449.9800
2023-09-07,70.4677,18202.0700
2023-09-11,-102.5646,18096.4500
2023-09-12,67.2928,18025.8900
2023-09-13,-17.6708,18009.2200
2023-09-14,26.1214,18047.9200
2023-09-15,11.9440,18182.8900
2023-09-18,87.3312,17930.5500
2023-09-19,34.8643,17997.1700
2023-09-20,31.9943,17885.6000
2023-09-21,32.4438,17655.4100
2023-09-22,-42.2759,18057.4500
2023-09-25,60.3333,17729.2900
2023-09-26,1.5874,17466.9000
2023-09-27,36.8201,17611.8700
2023-09-28,41.2891,17373.0300
2023-10-09,20.4255,17517.4000
2023-10-10,62.2643,17664.7300
2023-10-11,13.3317,17893.1000
2023-10-12,-54.8331,18238.2100
2023-10-13,40.1703,17813.4500
2023-10-16,40.5700,17640.3600
2023-10-17,5.3336,17773.3400
2023-10-18,-43.2694,17732.5200
2023-10-19,17.9234,17295.8900
2023-10-20,18.6832,17172.1300
2023-10-24,23.2515,16991.5300
2023-10-25,-0.5120,17085.3300
2023-10-26,22.2746,17044.6100
2023-10-27,24.1148,17398.7300
2023-10-30,22.4711,17406.3600
2023-10-31,19.3547,17112.4800
2023-11-01,22.3450,17101.7800
2023-11-02,9.3989,17230.5900
2023-11-03,11.5826,17664.1200
2023-11-06,8.3521,17966.5900
2023-11-07,95.6722,17670.1600
2023-11-08,-13.5828,17568.4600
2023-11-09,50.4054,17511.2900
2023-11-10,43.3119,17203.2600
2023-11-13,-19.8826,17426.2100
2023-11-14,13.6314,17396.8600
2023-11-15,-95.4603,18079.0000
2023-11-16,43.3933,17832.8200
2023-11-17,37.3997,17454.1900
2023-11-20,-61.0804,17778.0700
2023-11-21,-24.3620,17733.8900
2023-11-22,51.6299,17734.6000
2023-11-23,-57.5096,17910.8400
2023-11-24,87.2658,17559.4200
2023-11-27,3.4773,17525.0600
2023-11-28,-30.5331,17354.1400
2023-11-29,-8.1789,16993.4400
2023-11-30,17.2104,17042.8800
2023-12-01,52.8902,16830.3000
2023-12-04,-6.9499,16646.0500
2023-12-05,45.6171,16327.8600
2023-12-06,56.1048,16463.2600
2023-12-07,-16.3509,16345.8900
2023-12-08,33.6875,16334.3700
2023-12-11,55.9406,16201.4900
2023-12-12,-26.9767,16374.5000
2023-12-13,8.5496,16228.7500
2023-12-14,-96.9823,16402.1900
2023-12-15,-39.6309,16792.1900
2023-12-18,117.4989,16629.2300
2023-12-19,12.7351,16505.0000
2023-12-20,-110.3895,16613.8100
2023-12-21,24.3750,16621.1300
2023-12-22,-42.7718,16340.4100
2023-12-27,12.4230,16624.8400
2023-12-28,-19.6520,17043.5300
2023-12-29,18.8119,17047.3900
2024-01-02,38.5363,16788.5500
2024-01-03,68.1625,16646.4100
2024-01-04,21.5052,16645.9800
2024-01-05,16.0664,16535.3300
2024-01-08,-14.2947,16224.4500
2024-01-09,-40.3598,16190.0200
2024-01-10,25.6941,16097.2800
2024-01-11,-54.2498,16302.0400
2024-01-12,14.6806,16244.5800
2024-01-15,42.2999,16216.3300
2024-01-16,29.4487,15865.9200
2024-01-17,59.3362,15276.9000
2024-01-18,5.8457,15391.7900
2024-01-19,10.3097,15308.6900
2024-01-22,6.5617,14961.1800
2024-01-23,-53.1982,15353.9800
2024-01-24,19.8083,15899.8700
2024-01-25,18.1674,16211.9600
2024-01-26,53.2303,15952.2300
2024-01-29,-25.9604,16077.2400
2024-01-30,-8.6032,15703.4500
2024-01-31,-6.3205,15485.0700
2024-02-01,-13.4201,15566.2100
2024-02-02,-39.8656,15533.5600
2024-02-05,39.0196,15510.0100
2024-02-06,-68.8992,16136.8700
2024-02-07,23.5447,16081.8900
2024-02-08,45.9127,15878.0700
2024-02-19,42.6574,16155.6100
2024-02-20,34.7149,16247.5100
2024-02-21,10.8221,16503.1000
2024-02-22,47.7682,16742.9500
2024-02-23,64.4499,16725.8600
2024-02-26,17.5800,16634.7400
2024-02-27,13.2915,16790.8000
2024-02-28,14.0038,16536.8500
2024-02-29,13.6788,16511.4400
2024-03-01,33.3377,16589.4400
2024-03-04,36.6284,16595.9700
2024-03-05,59.2856,16162.6400
2024-03-06,11.5600,16438.0900
2024-03-07,44.9790,16229.7800
2024-03-08,18.7794,16353.3900
2024-03-11,30.0139,16587.5700
2024-03-12,1.9488,17093.5000
2024-03-13,114.1906,17082.1100
2024-03-14,26.0151,16961.6600
2024-03-15,41.6623,16720.8900
2024-03-18,29.3124,16737.1200
2024-03-19,69.2303,16529.4800
2024-03-20,63.9615,16543.0700
2024-03-21,47.7204,16863.1000
2024-03-22,145.3839,16499.4700
2024-03-25,-63.4373,16473.6400
2024-03-26,45.2655,16618.3200
2024-03-27,65.6340,16392.8400
2024-03-28,38.0178,16541.4200
2024-04-02,36.9598,16931.5200
2024-04-03,51.2392,16725.1000
2024-04-08,47.4866,16732.8500
2024-04-09,27.3345,16828.0700
2024-04-10,23.2466,17139.1700
2024-04-11,71.4991,17095.0300
2024-04-12,61.4499,16721.6900
2024-04-15,70.5423,16600.4600
2024-04-16,98.7733,16248.9700
2024-04-17,11.4667,16251.8400
2024-04-18,66.3762,16410.4700
2024-04-19,74.3153,16224.1400
2024-04-22,29.0056,16511.6900
2024-04-23,23.3954,16828.9300
2024-04-24,19.9488,17201.2700
2024-04-25,18.8020,17284.5400
2024-04-26,11.7368,17651.1500
2024-04-29,27.5303,17746.9100
2024-04-30,32.4939,17763.0300
2024-05-06,50.8604,18578.3000
2024-05-07,21.4174,18479.3700
2024-05-08,17.9034,18313.8600
2024-05-09,-41.7004,18537.8100
2024-05-10,65.0519,18963.6800
2024-05-13,88.0702,19115.0600
2024-05-14,-1.1516,19073.7100
2024-05-16,39.7252,19376.5300
2024-05-17,59.5682,19553.6100
2024-05-20,24.8970,19636.2200
2024-05-21,4.7298,19220.6200
2024-05-22,16.5338,19195.6000
2024-05-23,35.1007,18868.7100
2024-05-24,25.1633,18608.9400
2024-05-27,44.2491,18827.3500
2024-05-28,41.6593,18821.1600
2024-05-29,67.7420,18477.0100
2024-05-30,44.0148,18230.1900
2024-05-31,99.0515,18079.6100
2024-06-03,34.0003,18403.0400
2024-06-04,88.2350,18444.1100
2024-06-05,77.3746,18424.9600
2024-06-06,36.6844,18476.8000
2024-06-07,36.0727,18366.9500
2024-06-11,102.8106,18176.3400
2024-06-12,68.7170,17937.8400
2024-06-13,39.9781,18112.6300
2024-06-14,58.0728,17941.7800
2024-06-17,37.7983,17936.1200
2024-06-18,58.6131,17915.5500
2024-06-19,23.6828,18430.3900
2024-06-20,75.3046,18335.3200
2024-06-21,45.7828,18028.5200
2024-06-24,-21.1907,18027.7100
2024-06-25,3.2317,18072.9000
2024-06-26,38.0855,18089.9300
2024-06-27,36.5877,17716.4700
2024-06-28,36.6231,17718.6100
2024-07-02,59.5253,17769.1400
2024-07-03,36.4263,17978.5700
2024-07-04,9.4542,18028.2800
2024-07-05,3.5011,17799.6100
2024-07-08,21.7533,17524.0600
2024-07-09,36.5070,17523.2300
2024-07-10,8.6482,17471.6700
2024-07-11,4.7373,17832.3300
2024-07-12,1.7111,18293.3800
2024-07-15,48.7097,18015.9400
2024-07-16,61.2625,17727.9800
2024-07-17,-3.1622,17739.4100
2024-07-18,23.9644,17778.4100
2024-07-19,61.2351,17417.6800
2024-07-22,36.9169,17635.8800
2024-07-23,0.9427,17469.3600
2024-07-24,-0.7584,17311.0500
2024-07-25,-46.6048,17004.9700
2024-07-26,87.7342,17021.3100
2024-07-29,7.4543,17238.3400
2024-07-30,-3.4084,17002.9100
2024-07-31,22.9110,17344.6000
2024-08-01,83.7691,17304.9600
2024-08-02,-18.9588,16945.5100
2024-08-05,13.8755,16698.3600
2024-08-06,59.8660,16647.3400
2024-08-07,116.7295,16877.8600
2024-08-08,-60.8658,16891.8300
2024-08-09,22.7754,17090.2300
2024-08-12,43.4599,17111.6500
2024-08-13,19.1776,17174.0600
2024-08-14,-10.4080,17113.3600
2024-08-15,66.3476,17109.1400
2024-08-16,47.2548,17430.1600
2024-08-19,-61.7935,17569.5700
2024-08-20,17.9400,17511.0800
2024-08-21,2.8125,17391.0100
2024-08-22,-0.8301,17641.0000
2024-08-23,27.2926,17612.1000
2024-08-26,-0.4117,17798.7300
2024-08-27,28.7538,17874.6700
2024-08-28,26.6754,17692.4500
2024-08-29,-18.3790,17786.3200
2024-08-30,13.6726,17989.0700
2024-09-02,119.3918,17691.9700
2024-09-03,26.1877,17651.4900
2024-09-04,-37.0291,17457.3400
2024-09-05,-15.9013,17444.3000
2024-09-09,58.2821,17196.9600
2024-09-10,92.8909,17234.0900
2024-09-11,-59.0461,17108.7100
2024-09-12,30.7458,17240.3900
2024-09-13,2.3891,17369.0900
2024-09-19,26.0387,18013.1600
2024-09-20,33.9919,18258.5700
2024-09-23,84.1464,18247.1100
2024-09-24,-43.0832,19000.5600
2024-09-25,-53.7999,19129.1000
2024-09-26,59.9322,19924.5800
2024-09-27,-23.3113,20632.3000
2024-09-30,121.4366,21133.6800
2024-10-08,20.6574,20926.7900
2024-10-09,-6.3822,20637.2400
2024-10-10,105.5689,21251.9800
2024-10-14,121.6964,21092.8700
2024-10-15,85.4397,20318.7900
2024-10-16,-15.4626,20286.8500
2024-10-17,83.5865,20079.1000
2024-10-18,-31.0199,20804.1100
2024-10-21,124.3036,20478.4600
2024-10-22,59.0642,20498.9500
2024-10-23,93.9926,20760.1500
2024-10-24,-4.6921,20489.6200
2024-10-25,92.0084,20590.1500
2024-10-28,62.8227,20599.3600
2024-10-29,67.5302,20701.1400
2024-10-30,-47.7908,20380.6400
2024-10-31,26.8276,20317.3300
2024-11-01,42.5254,20506.4300
2024-11-04,32.7933,20567.5200
2024-11-05,94.2547,21006.9700
2024-11-06,214.8663,20538.3800
2024-11-07,11.8279,20953.3400
2024-11-08,-30.4339,20728.1900
2024-11-11,98.6488,20426.9300
2024-11-12,97.9188,19846.8800
2024-11-13,-45.5126,19823.4500
2024-11-14,196.5601,19435.8100
2024-11-15,9.2195,19426.3400
2024-11-18,135.5105,19576.6100
2024-11-19,19.7264,19663.6700
2024-11-20,55.7140,19705.0100
2024-11-21,46.6576,19601.1100
2024-11-22,25.6606,19229.9700
2024-11-25,12.0194,19150.9900
2024-11-26,68.6478,19159.2000
2024-11-27,52.7120,19603.1300
2024-11-28,78.1041,19366.9600
2024-11-29,32.7828,19423.6100
2024-12-02,196.5399,19550.2900
2024-12-03,2.9465,19746.3200
2024-12-04,-103.5972,19742.4600
2024-12-05,37.1627,19560.4400
2024-12-06,49.7828,19865.8500
2024-12-09,127.7694,20414.0900
2024-12-10,-103.2398,20311.2800
2024-12-11,72.8536,20155.0500
2024-12-12,-29.2821,20397.0500
2024-12-13,143.0553,19971.2400
2024-12-16,-3.8684,19795.4900
2024-12-17,79.7202,19700.4800
2024-12-18,20.7006,19864.5500
2024-12-19,146.0147,19752.5100
2024-12-20,16.3150,19720.7000
2024-12-23,26.4950,19883.1300
2024-12-24,52.2714,20098.2900
2024-12-27,84.9324,20090.4600
2024-12-30,73.5096,20041.4200
2024-12-31,64.4121,20059.9500
2025-01-02,65.1088,19623.3200
2025-01-03,92.6949,19760.2700
2025-01-06,51.2352,19688.2900
2025-01-07,129.0354,19447.5800
2025-01-08,148.7280,19279.8400
2025-01-09,113.6263,19240.8900
2025-01-10,46.4962,19064.2900
2025-01-13,65.7244,18874.1400
2025-01-14,121.8340,19219.7800
2025-01-15,93.4987,19286.0700
2025-01-16,62.9790,19522.8900
2025-01-17,83.2464,19584.0600
2025-01-20,13.4745,19925.8100
2025-01-21,15.3529,20106.5500
2025-01-22,41.7131,19778.7700
2025-01-23,54.0307,19700.5600
2025-01-24,-33.6212,20066.1900
2025-01-27,90.7648,20197.7700
2025-02-04,,20789.9600
2025-02-05,-53.0004,20597.0900
2025-02-06,90.6080,20891.6200
2025-02-07,10.6705,21133.5400
2025-02-10,164.6783,21521.9800
2025-02-11,-88.9811,21294.8600
2025-02-12,75.1158,21857.9200
2025-02-13,-10.2366,21814.3700
2025-02-14,77.1296,22620.3300
2025-02-17,107.7208,22616.2300
2025-02-18,224.2253,22976.8100
2025-02-19,103.2446,22944.2400
2025-02-20,-63.4176,22576.9800
2025-02-21,140.3471,23477.9200
2025-02-24,137.3671,23341.6100
2025-02-25,220.3258,23034.0200
2025-02-26,103.9946,23787.9300
2025-02-27,168.9819,23718.2900
2025-02-28,119.0041,22941.3200
2025-03-03,97.4193,23006.2700
2025-03-04,-12.0033,22941.7700
2025-03-05,83.6926,23594.2100
2025-03-06,65.3032,24369.7100
2025-03-07,121.1319,24231.3000
2025-03-10,296.2556,23783.4900
2025-03-11,-40.4108,23782.1400
2025-03-12,262.1188,23600.3100
2025-03-13,54.6604,23462.6500
2025-03-14,43.4645,23959.9800
2025-03-17,104.8265,24145.5700
2025-03-18,-11.0162,24740.5700
2025-03-19,117.8464,24771.1400
2025-03-20,-4.0754,24219.9500
2025-03-21,22.6689,23689.7200
2025-03-24,25.3209,23905.5600
2025-03-25,138.9562,23344.2500
2025-03-26,83.6795,23483.3200
2025-03-27,41.4248,23578.8000
2025-03-28,82.4186,23426.6000
2025-03-31,29.1422,23119.5800
2025-04-01,198.6358,23206.8400
2025-04-02,117.1716,23202.5300
2025-04-03,287.8964,22849.8100
2025-04-07,153.7291,19828.3000
2025-04-08,236.3350,20127.6800
2025-04-09,355.8631,20264.4900
2025-04-10,-40.3312,20681.7800
2025-04-11,116.9367,20914.6900
2025-04-14,57.8016,21417.4000
2025-04-15,72.0261,21466.2700
2025-04-16,78.9364,21056.9800
2025-04-17,23.0874,21395.1400
2025-04-22,213.6030,21562.3200
2025-04-23,-181.0741,22072.6200
2025-04-24,33.8692,21909.7600
2025-04-25,-70.1924,21980.7400
2025-04-28,20.3025,21971.9600
2025-04-29,-64.2412,22008.1100
2025-04-30,56.3681,22119.4100
2025-05-06,134.7516,22662.7100
2025-05-07,-78.6559,22691.8800
2025-05-08,-23.8485,22775.9200
2025-05-09,40.4430,22867.7400
2025-05-12,-185.2787,23549.4600
2025-05-13,22.6150,23108.2700
2025-05-14,67.0696,23640.6500
2025-05-15,-2.2109,23453.1600
2025-05-16,10.9540,23345.0500
2025-05-19,84.5933,23332.7200
2025-05-20,63.3153,23681.4800
2025-05-21,14.2682,23827.7800
2025-05-22,38.8046,23544.3100
2025-05-23,-11.3939,23601.2600
2025-05-26,-15.0708,23282.3300
2025-05-27,119.7505,23381.9900
2025-05-28,35.7779,23258.3100
2025-05-29,43.8186,23573.3800
2025-05-30,96.4682,23289.7700
2025-06-03,39.0480,23512.4900
2025-06-04,35.1606,23654.0300
2025-06-05,7.4098,23906.9700
2025-06-06,67.6617,23792.5400
2025-06-09,7.1684,24181.4300
2025-06-10,75.9049,24162.8700
2025-06-11,13.7619,24366.9400
2025-06-12,55.8463,24035.3800
2025-06-13,1.8910,23892.5600
2025-06-16,57.4312,24060.9900
2025-06-17,63.0234,23980.3000
2025-06-18,12.4158,23710.6900
2025-06-19,14.2718,23237.7400
2025-06-20,15.5110,23530.4800
2025-06-23,78.9476,23689.1300
2025-06-24,25.8886,24177.0700
2025-06-25,95.7378,24474.6700
2025-06-26,52.8607,24325.4000
2025-06-27,30.3728,24284.1500
2025-06-30,52.1984,24072.2800
2025-07-02,50.3599,24221.4100
2025-07-03,-30.4712,24069.9400
2025-07-04,66.8348,23916.0600
2025-07-07,120.6667,23887.8300
2025-07-08,3.8666,24148.0700
2025-07-09,92.5639,23892.3200
2025-07-10,29.0220,24028.3700
2025-07-11,17.4362,24139.5700
2025-07-14,82.4292,24203.3200
2025-07-15,38.2391,24590.1200
2025-07-16,16.0290,24517.7600
2025-07-17,18.5503,24498.9500
2025-07-18,59.3129,24825.6600
2025-07-21,70.5139,24994.1400
2025-07-22,27.1743,25130.0300
2025-07-23,-13.1957,25538.0700
2025-07-24,37.1855,25667.1800
2025-07-25,201.8367,25388.3500
2025-07-28,92.5336,25562.1300
2025-07-29,127.1989,25524.4500
2025-07-30,117.1405,25176.9300
2025-07-31,131.2577,24773.3300
2025-08-01,122.0705,24507.8100
2025-08-04,-180.9215,24733.4500
2025-08-05,234.2553,24902.5300
2025-08-06,94.8528,24910.6300
2025-08-07,6.6119,25081.6300
2025-08-08,62.7132,24858.8200
2025-08-11,0.3835,24906.8100
2025-08-12,94.5024,24969.6800
2025-08-13,-82.7729,25613.6700
2025-08-14,10.3373,25519.3200
2025-08-15,358.7639,25270.0700
2025-08-18,13.8639,25176.8500
2025-08-19,185.7310,25122.9000
2025-08-20,-146.8173,25165.9400
2025-08-21,74.6073,25104.6100
2025-08-22,51.6580,25339.1400
2025-08-25,-13.7582,25829.9100
2025-08-26,165.7267,25524.9200
2025-08-27,153.7062,25201.7600
2025-08-28,-204.4082,24998.8200
2025-08-29,120.4552,25077.6200
2025-09-01,119.4228,25617.4200
2025-09-02,92.8098,25496.5500
2025-09-03,55.0848,25343.4300
2025-09-04,7.0591,25058.5100
2025-09-05,56.2269,25417.9800
2025-09-08,167.0470,25633.9100
2025-09-09,102.3113,25938.1300
2025-09-10,75.6610,26200.2600
2025-09-11,189.8890,26086.3200
2025-09-12,73.3077,26388.1600
2025-09-15,144.7291,26446.5600
2025-09-16,-31.8930,26438.5100
2025-09-17,94.4042,26908.3900
2025-09-18,62.8846,26544.8500
2025-09-19,98.3821,26545.1000
2025-09-22,127.3638,26344.1400
2025-09-23,-40.6885,26159.1200
2025-09-24,137.0458,26518.6500
2025-09-25,110.4593,26484.6800
2025-09-26,105.4050,26128.2000
2025-09-29,-16.5398,26622.8800
2025-09-30,154.8031,26855.5600
2025-10-09,30.4327,26752.5900
2025-10-10,-3.9866,26290.3200
2025-10-13,198.0440,25889.4800
2025-10-14,86.0329,25441.3500
2025-10-15,-54.4349,25910.6000
2025-10-16,158.2182,25888.5100
2025-10-17,63.0268,25247.1000
2025-10-20,-26.7013,25858.8300
2025-10-21,11.7072,26027.5500
2025-10-22,100.1788,25781.7700
2025-10-23,53.4459,25967.9800
2025-10-24,34.1423,26160.1500
2025-10-27,28.7297,26433.7000
2025-10-28,22.5829,26346.1400
2025-10-30,136.4132,26282.6900
2025-10-31,87.1892,25906.6500
2025-11-03,54.7182,26158.3600
2025-11-04,98.3209,25952.4000
2025-11-05,103.7319,25935.4100
2025-11-06,54.7927,26485.9000
2025-11-07,75.2290,26241.8300
2025-11-10,66.5359,26649.0600
2025-11-11,44.6695,26696.4100
2025-11-12,42.8634,26922.7300
2025-11-13,-35.2064,27073.0300
2025-11-14,128.8660,26572.4600
2025-11-17,84.4799,26384.2800
2025-11-18,74.6608,25930.0300
2025-11-19,65.9067,25830.6500
2025-11-20,159.9187,25835.5700
2025-11-21,1.0522,25220.0200
2025-11-24,85.7134,25716.5000
2025-11-25,111.6566,25894.5500
2025-11-26,-39.5163,25928.0800
2025-11-27,13.2825,25945.9300
2025-11-28,27.2696,25858.8900
2025-12-01,21.4827,26033.2600
2025-12-02,41.0103,26095.0500
2025-12-03,22.7935,25760.7300
2025-12-04,14.8002,25935.9000
2025-12-05,13.4060,26085.0800
2025-12-08,15.4027,25765.3600
2025-12-09,5.3070,25434.2300
2025-12-10,-10.1842,25540.7800
2025-12-11,7.9101,25530.5100
2025-12-12,-52.8666,25976.7900
2025-12-15,36.5447,25628.8800
2025-12-16,0.8204,25235.4100
2025-12-17,79.0947,25468.7800
2025-12-18,12.5747,25498.1300
2025-12-19,33.7072,25690.5300
2025-12-22,31.2535,25801.7700
2025-12-23,6.1121,25774.1400
2025-12-24,-11.7509,25818.9300
2025-12-29,-34.1411,25635.2300
2025-12-30,-38.4467,25854.6000
2025-12-31,34.4885,25630.5400
2026-01-05,187.2292,26347.2400
2026-01-06,28.7858,26710.4500
2026-01-07,91.7834,26458.9500
2026-01-08,-49.0092,26149.3100
2026-01-09,68.1522,26231.7900
2026-01-12,73.0588,26608.4800
2026-01-13,12.9642,26848.4700
2026-01-14,28.6538,26999.8100
2026-01-15,-15.1537,26923.6200
2026-01-16,0.9358,26844.9600
2026-01-19,22.9152,26563.9000
2026-01-20,36.6258,26487.5100
2026-01-21,139.3002,26585.0600
2026-01-22,52.3938,26629.9600
2026-01-23,-16.0068,26749.5100
2026-01-26,-8.2550,26765.5200
2026-01-27,-6.3453,27126.9500
2026-01-28,-34.2739,27826.9100
2026-01-29,43.7361,27968.0900
2026-01-30,32.2155,27387.1100
2026-02-02,19.0714,26775.5700
2026-02-03,9.5223,26834.7700
2026-02-04,133.7277,26847.3200
2026-02-05,249.7747,26885.2400
2026-02-06,148.5916,26559.9500
2026-02-09,-18.8651,27027.1600
2026-02-10,0.8465,27183.1500
2026-02-11,48.1618,27266.3800
2026-02-12,45.6726,27032.5400
2026-02-13,202.1914,26567.1200
2026-02-24,31.3079,26590.3200
2026-02-25,-40.5669,26765.7200
2026-02-26,-73.6595,26381.0200
2026-02-27,149.9717,26630.5400
2026-03-02,162.1380,26059.8500
2026-03-03,60.8124,25768.0800
2026-03-04,-4.6603,25249.4800
2026-03-05,-277.3479,25321.3400
2026-03-06,-21.8788,25757.2900
2026-03-09,372.1302,25408.4600
2026-03-10,-179.5275,25959.9000
2026-03-11,34.4840,25898.7600
2026-03-12,112.8267,25716.7600
2026-03-13,184.4850,25465.6000
2026-03-16,-12.4974,25834.0200
2026-03-17,-114.8066,25868.5400
2026-03-18,12.1653,26025.4200
2026-03-19,261.9002,25500.5800
2026-03-20,-210.0505,25277.3200
2026-03-23,297.2792,24382.4700
2026-03-24,-273.6088,25063.7100
2026-03-25,223.2256,25335.9500
2026-03-26,33.3979,24856.4300
2026-03-27,-28.8336,24951.8800
2026-03-30,-24.6674,24750.7900
2026-03-31,7.0334,24788.1400
2026-04-01,-126.9361,25294.0300
2026-04-02,198.2767,25116.5300
2026-04-08,-215.7380,25893.0200
2026-04-09,125.9281,25752.4000
2026-04-10,-28.1533,25893.5400
2026-04-13,22.4893,25660.8500
2026-04-14,-20.1652,25872.3200
2026-04-15,42.2067,25947.3200
